item_id,order_id,product_id,quantity,unit_price,discount_percent,final_price,total_amount,profit
1,1,13,3,2999,5,2849.05,8547.15,2887.53
2,1,8,1,12999,20,10399.2,10399.2,1876.7
3,2,22,2,8999,0,8999,17998,6328.52
4,2,7,3,3499,20,2799.2,8397.6,1126.65
5,3,8,1,12999,10,11699.1,11699.1,3176.6
6,3,29,3,14999,0,14999,44997,15719.4
7,4,1,2,18999,5,18049.05,36098.1,13750.8
8,4,34,3,249,20,199.2,597.6,99.87
9,4,4,3,42000,0,42000,126000,55837.68
10,4,28,1,1899,0,1899,1899,790.52
11,5,9,1,17999,10,16199.1,16199.1,5569.74
12,5,7,1,3499,0,3499,3499,1075.35
13,6,25,3,3499,15,2974.15,8922.45,1528.74
14,6,27,2,1499,0,1499,2998,869.28
15,7,22,3,8999,5,8549.05,25647.15,8142.93
16,8,9,1,17999,15,15299.15,15299.15,4669.79
17,8,27,1,1499,0,1499,1499,434.64
18,8,33,2,299,10,269.1,538.2,178.64
19,9,13,1,2999,0,2999,2999,1112.46
20,9,14,1,699,15,594.15,594.15,179.25
21,10,12,1,1199,15,1019.15,1019.15,166.52
22,11,21,2,4999,20,3999.2,7998.4,1970.84
23,12,31,1,599,15,509.15,509.15,154.97
24,13,35,2,299,5,284.05,568.1,157.32
25,13,19,2,18999,10,17099.1,34198.2,8275.02
26,14,25,1,3499,15,2974.15,2974.15,509.58
27,15,18,2,24999,0,24999,49998,16393.3
28,16,17,1,7999,10,7199.1,7199.1,1489.13
29,16,10,1,2499,20,1999.2,1999.2,423.57
30,16,4,1,42000,10,37800,37800,14412.56
31,16,19,2,18999,15,16149.15,32298.3,6375.12
32,17,15,1,1399,20,1119.2,1119.2,262.02
33,17,25,2,3499,15,2974.15,5948.3,1019.16
34,18,4,3,42000,5,39900,119700,49537.68
35,19,21,3,4999,0,4999,14997,5955.66
36,20,17,1,7999,20,6399.2,6399.2,689.23
37,21,29,3,14999,15,12749.15,38247.45,8969.85
38,21,15,2,1399,0,1399,2798,1083.64
39,22,35,2,299,0,299,598,187.22
40,23,13,1,2999,15,2549.15,2549.15,662.61
41,23,19,1,18999,0,18999,18999,6037.41
42,24,8,1,12999,0,12999,12999,4476.5
43,24,25,1,3499,0,3499,3499,1034.43
44,25,17,1,7999,5,7599.05,7599.05,1889.08
45,26,10,1,2499,0,2499,2499,923.37
46,26,3,1,55000,20,44000,44000,4799.38
47,27,20,1,32000,15,27200,27200,8709.11
48,27,32,1,349,0,349,349,115.69
49,27,23,3,21000,10,18900,56700,12101.61
50,28,33,1,299,10,269.1,269.1,89.32
51,29,6,1,1299,0,1299,1299,529.94
52,29,23,1,21000,0,21000,21000,6133.87
53,30,14,3,699,10,629.1,1887.3,642.6
54,31,1,1,18999,5,18049.05,18049.05,6875.4
55,31,8,1,12999,15,11049.15,11049.15,2526.65
56,32,16,1,3499,0,3499,3499,1214.15
57,32,3,1,55000,20,44000,44000,4799.38
58,33,25,2,3499,0,3499,6998,2068.86
59,33,17,3,7999,20,6399.2,19197.6,2067.69
60,33,35,2,299,10,269.1,538.2,127.42
61,34,29,1,14999,15,12749.15,12749.15,2989.95
62,34,32,1,349,10,314.1,314.1,80.79
63,34,3,1,55000,0,55000,55000,15799.38
64,35,35,1,299,15,254.15,254.15,48.76
65,36,14,2,699,5,664.05,1328.1,498.3
66,37,14,1,699,0,699,699,284.1
67,37,35,2,299,0,299,598,187.22
68,37,28,1,1899,15,1614.15,1614.15,505.67
69,38,6,1,1299,0,1299,1299,529.94
70,39,5,3,22000,5,20900,62700,26051.85
71,39,15,1,1399,15,1189.15,1189.15,331.97
72,40,26,1,5999,0,5999,5999,2316.8
73,41,8,1,12999,15,11049.15,11049.15,2526.65
74,42,5,2,22000,0,22000,44000,19567.9
75,42,3,1,55000,10,49500,49500,10299.38
76,43,20,1,32000,0,32000,32000,13509.11
77,44,29,1,14999,15,12749.15,12749.15,2989.95
78,44,25,1,3499,0,3499,3499,1034.43
79,45,9,2,17999,20,14399.2,28798.4,7539.68
80,45,26,1,5999,15,5099.15,5099.15,1416.95
81,46,24,3,2199,0,2199,6597,2322.9
82,47,10,1,2499,10,2249.1,2249.1,673.47
83,47,8,1,12999,10,11699.1,11699.1,3176.6
84,48,6,1,1299,15,1104.15,1104.15,335.09
85,48,20,3,32000,0,32000,96000,40527.33
86,49,33,1,299,0,299,299,119.22
87,50,17,1,7999,0,7999,7999,2289.03
88,51,4,1,42000,0,42000,42000,18612.56
89,51,30,1,175,0,175,175,54.04
90,52,13,2,2999,5,2849.05,5698.1,1925.02
91,53,23,1,21000,0,21000,21000,6133.87
92,53,9,3,17999,0,17999,53997,22108.92
93,53,16,1,3499,0,3499,3499,1214.15
94,53,7,1,3499,0,3499,3499,1075.35
95,54,10,2,2499,5,2374.05,4748.1,1596.84
96,54,24,1,2199,0,2199,2199,774.3
97,55,15,2,1399,15,1189.15,2378.3,663.94
98,56,24,1,2199,15,1869.15,1869.15,444.45
99,57,31,1,599,0,599,599,244.82
100,58,32,1,349,10,314.1,314.1,80.79
101,58,7,1,3499,0,3499,3499,1075.35
102,59,9,1,17999,15,15299.15,15299.15,4669.79
103,59,35,1,299,0,299,299,93.61
104,59,13,2,2999,20,2399.2,4798.4,1025.32
105,60,2,2,14999,0,14999,29998,13149.16
106,60,26,3,5999,10,5399.1,16197.3,5150.7
107,61,35,1,299,20,239.2,239.2,33.81
108,62,26,1,5999,20,4799.2,4799.2,1117
109,63,19,1,18999,10,17099.1,17099.1,4137.51
110,63,9,1,17999,0,17999,17999,7369.64
111,64,33,1,299,0,299,299,119.22
112,65,11,1,799,0,799,799,344.01
113,65,33,1,299,10,269.1,269.1,89.32
114,65,9,1,17999,0,17999,17999,7369.64
115,66,31,1,599,20,479.2,479.2,125.02
116,66,23,1,21000,0,21000,21000,6133.87
117,67,15,1,1399,0,1399,1399,541.82
118,68,24,1,2199,5,2089.05,2089.05,664.35
119,68,25,2,3499,0,3499,6998,2068.86
120,69,21,2,4999,0,4999,9998,3970.44
121,69,7,1,3499,10,3149.1,3149.1,725.45
122,69,34,1,249,15,211.65,211.65,45.74
123,69,18,1,24999,10,22499.1,22499.1,5696.75
124,70,5,1,22000,0,22000,22000,9783.95
125,70,34,1,249,0,249,249,83.09
126,71,23,2,21000,0,21000,42000,12267.74
127,71,32,1,349,0,349,349,115.69
128,71,31,1,599,0,599,599,244.82
129,72,5,1,22000,0,22000,22000,9783.95
130,73,12,1,1199,10,1079.1,1079.1,226.47
131,74,8,1,12999,0,12999,12999,4476.5
132,74,15,2,1399,5,1329.05,2658.1,943.74
133,75,31,1,599,15,509.15,509.15,154.97
134,75,14,2,699,0,699,1398,568.2
135,76,9,1,17999,0,17999,17999,7369.64
136,77,33,1,299,10,269.1,269.1,89.32
137,78,11,1,799,0,799,799,344.01
138,79,26,2,5999,15,5099.15,10198.3,2833.9
139,79,2,1,14999,0,14999,14999,6574.58
140,80,14,2,699,0,699,1398,568.2
141,80,29,1,14999,5,14249.05,14249.05,4489.85
142,80,31,1,599,20,479.2,479.2,125.02
143,81,12,1,1199,15,1019.15,1019.15,166.52
144,81,33,1,299,5,284.05,284.05,104.27
145,82,5,1,22000,0,22000,22000,9783.95
146,82,15,1,1399,0,1399,1399,541.82
147,83,34,2,249,10,224.1,448.2,116.38
148,84,10,1,2499,10,2249.1,2249.1,673.47
149,84,7,1,3499,20,2799.2,2799.2,375.55
150,85,8,1,12999,0,12999,12999,4476.5
151,85,6,3,1299,10,1169.1,3507.3,1200.12
152,86,28,1,1899,0,1899,1899,790.52
153,86,34,1,249,5,236.55,236.55,70.64
154,86,27,1,1499,20,1199.2,1199.2,134.84
155,87,25,1,3499,20,2799.2,2799.2,334.63
156,88,7,1,3499,5,3324.05,3324.05,900.4
157,88,28,2,1899,20,1519.2,3038.4,821.44
158,89,6,1,1299,10,1169.1,1169.1,400.04
159,90,13,1,2999,15,2549.15,2549.15,662.61
160,91,1,1,18999,0,18999,18999,7825.35
161,92,34,1,249,15,211.65,211.65,45.74
162,93,21,1,4999,0,4999,4999,1985.22
163,94,17,1,7999,10,7199.1,7199.1,1489.13
164,95,24,1,2199,15,1869.15,1869.15,444.45
165,96,26,2,5999,5,5699.05,11398.1,4033.7
166,97,31,1,599,10,539.1,539.1,184.92
167,97,12,1,1199,0,1199,1199,346.37
168,98,23,2,21000,5,19950,39900,10167.74
169,99,9,2,17999,15,15299.15,30598.3,9339.58
170,100,15,1,1399,15,1189.15,1189.15,331.97
171,101,7,1,3499,0,3499,3499,1075.35
172,101,14,2,699,10,629.1,1258.2,428.4
173,101,33,1,299,15,254.15,254.15,74.37
174,102,4,1,42000,15,35700,35700,12312.56
175,103,6,2,1299,5,1234.05,2468.1,929.98
176,104,28,1,1899,0,1899,1899,790.52
177,104,6,1,1299,0,1299,1299,529.94
178,104,5,2,22000,5,20900,41800,17367.9
179,105,34,2,249,10,224.1,448.2,116.38
180,105,19,1,18999,20,15199.2,15199.2,2237.61
181,106,12,1,1199,5,1139.05,1139.05,286.42
182,107,1,1,18999,15,16149.15,16149.15,4975.5
183,108,34,1,249,10,224.1,224.1,58.19
184,108,19,1,18999,15,16149.15,16149.15,3187.56
185,108,13,1,2999,0,2999,2999,1112.46
186,109,3,1,55000,15,46750,46750,7549.38
187,110,11,1,799,0,799,799,344.01
188,111,23,1,21000,0,21000,21000,6133.87
189,111,26,1,5999,15,5099.15,5099.15,1416.95
190,112,6,2,1299,10,1169.1,2338.2,800.08
191,112,19,3,18999,0,18999,56997,18112.23
192,113,18,1,24999,0,24999,24999,8196.65
193,114,26,1,5999,0,5999,5999,2316.8
194,115,33,1,299,0,299,299,119.22
195,116,22,2,8999,0,8999,17998,6328.52
196,116,8,2,12999,20,10399.2,20798.4,3753.4
197,117,17,1,7999,5,7599.05,7599.05,1889.08
198,118,31,2,599,20,479.2,958.4,250.04
199,119,30,1,175,10,157.5,157.5,36.54
200,120,2,1,14999,0,14999,14999,6574.58
201,121,15,1,1399,0,1399,1399,541.82
202,122,27,1,1499,15,1274.15,1274.15,209.79
203,122,23,2,21000,0,21000,42000,12267.74
204,122,34,1,249,5,236.55,236.55,70.64
205,123,22,1,8999,0,8999,8999,3164.26
206,123,5,1,22000,0,22000,22000,9783.95
207,124,18,1,24999,15,21249.15,21249.15,4446.8
208,125,13,2,2999,0,2999,5998,2224.92
209,125,32,2,349,20,279.2,558.4,91.78
210,126,15,1,1399,0,1399,1399,541.82
211,127,23,1,21000,0,21000,21000,6133.87
212,127,10,1,2499,15,2124.15,2124.15,548.52
213,127,7,1,3499,0,3499,3499,1075.35
214,128,35,2,299,0,299,598,187.22
215,128,3,1,55000,5,52250,52250,13049.38
216,129,18,3,24999,10,22499.1,67497.3,17090.25
217,129,32,1,349,0,349,349,115.69
218,129,12,2,1199,0,1199,2398,692.74
219,130,28,1,1899,10,1709.1,1709.1,600.62
220,131,23,1,21000,15,17850,17850,2983.87
221,132,30,1,175,5,166.25,166.25,45.29
222,132,8,1,12999,0,12999,12999,4476.5
223,133,14,1,699,0,699,699,284.1
224,134,21,1,4999,20,3999.2,3999.2,985.42
225,135,17,1,7999,0,7999,7999,2289.03
226,136,31,3,599,0,599,1797,734.46
227,137,32,1,349,5,331.55,331.55,98.24
228,138,24,1,2199,0,2199,2199,774.3
229,138,26,1,5999,10,5399.1,5399.1,1716.9
230,139,7,2,3499,10,3149.1,6298.2,1450.9
231,139,18,1,24999,5,23749.05,23749.05,6946.7
232,140,10,1,2499,0,2499,2499,923.37
233,141,32,1,349,20,279.2,279.2,45.89
234,142,35,2,299,0,299,598,187.22
235,142,21,1,4999,20,3999.2,3999.2,985.42
236,143,26,1,5999,0,5999,5999,2316.8
237,143,7,1,3499,0,3499,3499,1075.35
238,144,7,1,3499,0,3499,3499,1075.35
239,145,24,1,2199,20,1759.2,1759.2,334.5
240,146,17,1,7999,5,7599.05,7599.05,1889.08
241,147,8,1,12999,15,11049.15,11049.15,2526.65
242,148,13,1,2999,15,2549.15,2549.15,662.61
243,149,12,1,1199,15,1019.15,1019.15,166.52
244,149,19,1,18999,20,15199.2,15199.2,2237.61
245,150,6,1,1299,5,1234.05,1234.05,464.99
246,150,25,1,3499,0,3499,3499,1034.43
247,151,22,2,8999,0,8999,17998,6328.52
248,151,27,1,1499,0,1499,1499,434.64
249,151,26,1,5999,0,5999,5999,2316.8
250,152,18,1,24999,5,23749.05,23749.05,6946.7
251,152,26,2,5999,0,5999,11998,4633.6
252,153,34,1,249,0,249,249,83.09
253,153,29,2,14999,0,14999,29998,10479.6
254,154,17,1,7999,5,7599.05,7599.05,1889.08
255,154,6,1,1299,0,1299,1299,529.94
256,155,31,2,599,10,539.1,1078.2,369.84
257,155,4,2,42000,0,42000,84000,37225.12
258,155,2,1,14999,10,13499.1,13499.1,5074.68
259,156,25,1,3499,0,3499,3499,1034.43
260,157,29,1,14999,20,11999.2,11999.2,2240
261,157,9,1,17999,0,17999,17999,7369.64
262,158,21,1,4999,20,3999.2,3999.2,985.42
263,158,31,1,599,0,599,599,244.82
264,159,9,1,17999,10,16199.1,16199.1,5569.74
265,159,35,1,299,15,254.15,254.15,48.76
266,160,28,1,1899,10,1709.1,1709.1,600.62
267,160,34,1,249,0,249,249,83.09
268,161,15,2,1399,5,1329.05,2658.1,943.74
269,162,27,1,1499,0,1499,1499,434.64
270,163,34,2,249,20,199.2,398.4,66.58
271,164,9,1,17999,5,17099.05,17099.05,6469.69
272,165,32,1,349,20,279.2,279.2,45.89
273,165,31,1,599,0,599,599,244.82
274,166,1,1,18999,10,17099.1,17099.1,5925.45
275,166,24,1,2199,0,2199,2199,774.3
276,167,25,2,3499,0,3499,6998,2068.86
277,168,28,1,1899,10,1709.1,1709.1,600.62
278,169,18,1,24999,10,22499.1,22499.1,5696.75
279,169,19,2,18999,5,18049.05,36098.1,10174.92
280,170,5,1,22000,0,22000,22000,9783.95
281,171,30,1,175,0,175,175,54.04
282,172,32,1,349,0,349,349,115.69
283,172,13,1,2999,10,2699.1,2699.1,812.56
284,173,7,1,3499,0,3499,3499,1075.35
285,174,1,1,18999,0,18999,18999,7825.35
286,174,15,1,1399,0,1399,1399,541.82
287,175,27,1,1499,20,1199.2,1199.2,134.84
288,176,24,1,2199,20,1759.2,1759.2,334.5
289,177,3,1,55000,20,44000,44000,4799.38
290,178,10,1,2499,20,1999.2,1999.2,423.57
291,179,26,1,5999,5,5699.05,5699.05,2016.85
292,180,17,2,7999,20,6399.2,12798.4,1378.46
293,181,16,1,3499,5,3324.05,3324.05,1039.2
294,182,16,2,3499,0,3499,6998,2428.3
295,183,7,1,3499,0,3499,3499,1075.35
296,184,20,3,32000,0,32000,96000,40527.33
297,185,3,1,55000,5,52250,52250,13049.38
298,185,34,1,249,0,249,249,83.09
299,186,4,2,42000,0,42000,84000,37225.12
300,187,16,1,3499,0,3499,3499,1214.15
301,187,28,1,1899,5,1804.05,1804.05,695.57
302,187,21,2,4999,0,4999,9998,3970.44
303,187,1,3,18999,10,17099.1,51297.3,17776.35
304,188,31,1,599,0,599,599,244.82
305,188,10,1,2499,5,2374.05,2374.05,798.42
306,189,22,3,8999,20,7199.2,21597.6,4093.38
307,190,4,1,42000,15,35700,35700,12312.56
308,190,23,1,21000,0,21000,21000,6133.87
309,191,15,1,1399,10,1259.1,1259.1,401.92
310,192,23,2,21000,0,21000,42000,12267.74
311,192,29,1,14999,0,14999,14999,5239.8
312,193,17,1,7999,5,7599.05,7599.05,1889.08
313,193,3,1,55000,10,49500,49500,10299.38
314,194,13,1,2999,0,2999,2999,1112.46
315,194,12,2,1199,0,1199,2398,692.74
316,195,11,1,799,0,799,799,344.01
317,195,5,2,22000,10,19800,39600,15167.9
318,195,34,1,249,0,249,249,83.09
319,196,33,1,299,0,299,299,119.22
320,197,24,2,2199,15,1869.15,3738.3,888.9
321,197,16,3,3499,20,2799.2,8397.6,1543.05
322,197,21,1,4999,10,4499.1,4499.1,1485.32
323,198,10,1,2499,15,2124.15,2124.15,548.52
324,198,19,1,18999,0,18999,18999,6037.41
325,199,5,2,22000,0,22000,44000,19567.9
326,199,3,1,55000,0,55000,55000,15799.38
327,200,32,1,349,0,349,349,115.69
328,201,25,1,3499,15,2974.15,2974.15,509.58
329,201,32,1,349,0,349,349,115.69
330,202,5,1,22000,0,22000,22000,9783.95
331,203,6,2,1299,0,1299,2598,1059.88
332,203,30,1,175,15,148.75,148.75,27.79
333,204,27,2,1499,0,1499,2998,869.28
334,204,24,1,2199,15,1869.15,1869.15,444.45
335,204,4,1,42000,0,42000,42000,18612.56
336,205,14,3,699,0,699,2097,852.3
337,206,15,1,1399,0,1399,1399,541.82
338,207,16,1,3499,0,3499,3499,1214.15
339,208,27,2,1499,10,1349.1,2698.2,569.48
340,208,7,1,3499,5,3324.05,3324.05,900.4
341,209,28,1,1899,0,1899,1899,790.52
342,209,7,1,3499,10,3149.1,3149.1,725.45
343,210,11,1,799,10,719.1,719.1,264.11
344,211,23,3,21000,10,18900,56700,12101.61
345,212,21,2,4999,0,4999,9998,3970.44
346,212,24,1,2199,10,1979.1,1979.1,554.4
347,212,27,1,1499,5,1424.05,1424.05,359.69
348,212,28,2,1899,15,1614.15,3228.3,1011.34
349,213,29,1,14999,5,14249.05,14249.05,4489.85
350,214,3,3,55000,10,49500,148500,30898.14
351,215,9,3,17999,0,17999,53997,22108.92
352,216,1,1,18999,0,18999,18999,7825.35
353,217,21,1,4999,20,3999.2,3999.2,985.42
354,218,18,3,24999,10,22499.1,67497.3,17090.25
355,219,10,1,2499,0,2499,2499,923.37
356,219,7,1,3499,0,3499,3499,1075.35
357,220,16,1,3499,20,2799.2,2799.2,514.35
358,221,26,1,5999,0,5999,5999,2316.8
359,222,21,1,4999,20,3999.2,3999.2,985.42
360,222,31,2,599,15,509.15,1018.3,309.94
361,223,7,1,3499,20,2799.2,2799.2,375.55
362,223,20,1,32000,0,32000,32000,13509.11
363,224,22,2,8999,5,8549.05,17098.1,5428.62
364,224,23,1,21000,20,16800,16800,1933.87
365,225,15,2,1399,20,1119.2,2238.4,524.04
366,226,1,1,18999,10,17099.1,17099.1,5925.45
367,226,25,1,3499,10,3149.1,3149.1,684.53
368,227,21,1,4999,0,4999,4999,1985.22
369,227,33,1,299,15,254.15,254.15,74.37
370,228,29,1,14999,20,11999.2,11999.2,2240
371,228,33,1,299,0,299,299,119.22
372,228,6,1,1299,5,1234.05,1234.05,464.99
373,228,15,1,1399,0,1399,1399,541.82
374,229,17,1,7999,5,7599.05,7599.05,1889.08
375,229,6,2,1299,0,1299,2598,1059.88
376,230,31,1,599,15,509.15,509.15,154.97
377,230,13,1,2999,10,2699.1,2699.1,812.56
378,231,34,1,249,0,249,249,83.09
379,231,16,2,3499,0,3499,6998,2428.3
380,232,6,1,1299,5,1234.05,1234.05,464.99
381,232,8,1,12999,0,12999,12999,4476.5
382,233,2,2,14999,0,14999,29998,13149.16
383,234,29,1,14999,0,14999,14999,5239.8
384,234,10,1,2499,15,2124.15,2124.15,548.52
385,234,3,2,55000,0,55000,110000,31598.76
386,234,15,2,1399,0,1399,2798,1083.64
387,235,10,1,2499,20,1999.2,1999.2,423.57
388,235,19,1,18999,5,18049.05,18049.05,5087.46
389,235,1,1,18999,0,18999,18999,7825.35
390,236,35,1,299,10,269.1,269.1,63.71
391,237,17,1,7999,0,7999,7999,2289.03
392,237,31,1,599,15,509.15,509.15,154.97
393,238,34,1,249,0,249,249,83.09
394,239,4,1,42000,20,33600,33600,10212.56
395,240,18,1,24999,0,24999,24999,8196.65
396,240,4,1,42000,15,35700,35700,12312.56
397,241,24,2,2199,0,2199,4398,1548.6
398,242,25,1,3499,5,3324.05,3324.05,859.48
399,243,7,1,3499,10,3149.1,3149.1,725.45
400,243,21,1,4999,0,4999,4999,1985.22
401,244,30,1,175,15,148.75,148.75,27.79
402,245,16,3,3499,0,3499,10497,3642.45
403,246,26,2,5999,0,5999,11998,4633.6
404,247,23,1,21000,0,21000,21000,6133.87
405,248,16,1,3499,0,3499,3499,1214.15
406,248,33,1,299,5,284.05,284.05,104.27
407,249,2,1,14999,5,14249.05,14249.05,5824.63
408,249,18,1,24999,0,24999,24999,8196.65
409,249,15,2,1399,10,1259.1,2518.2,803.84
410,250,15,1,1399,10,1259.1,1259.1,401.92
411,251,20,3,32000,0,32000,96000,40527.33
412,252,9,1,17999,0,17999,17999,7369.64
413,253,35,1,299,0,299,299,93.61
414,254,20,1,32000,20,25600,25600,7109.11
415,254,34,1,249,10,224.1,224.1,58.19
416,254,9,3,17999,0,17999,53997,22108.92
417,255,35,3,299,0,299,897,280.83
418,256,10,2,2499,20,1999.2,3998.4,847.14
419,257,27,3,1499,0,1499,4497,1303.92
420,258,18,1,24999,0,24999,24999,8196.65
421,259,12,1,1199,10,1079.1,1079.1,226.47
422,260,15,1,1399,15,1189.15,1189.15,331.97
423,260,2,2,14999,0,14999,29998,13149.16
424,261,31,1,599,5,569.05,569.05,214.87
425,261,24,1,2199,0,2199,2199,774.3
426,262,15,1,1399,20,1119.2,1119.2,262.02
427,263,18,2,24999,0,24999,49998,16393.3
428,263,27,1,1499,5,1424.05,1424.05,359.69
429,263,15,2,1399,5,1329.05,2658.1,943.74
430,263,13,1,2999,20,2399.2,2399.2,512.66
431,264,16,1,3499,20,2799.2,2799.2,514.35
432,265,3,1,55000,20,44000,44000,4799.38
433,266,21,1,4999,15,4249.15,4249.15,1235.37
434,267,35,1,299,15,254.15,254.15,48.76
435,267,34,2,249,10,224.1,448.2,116.38
436,268,30,2,175,0,175,350,108.08
437,269,16,1,3499,15,2974.15,2974.15,689.3
438,269,34,1,249,5,236.55,236.55,70.64
439,269,35,1,299,15,254.15,254.15,48.76
440,270,4,1,42000,5,39900,39900,16512.56
441,271,20,2,32000,0,32000,64000,27018.22
442,272,28,1,1899,0,1899,1899,790.52
443,273,10,2,2499,5,2374.05,4748.1,1596.84
444,273,30,1,175,10,157.5,157.5,36.54
445,274,35,1,299,5,284.05,284.05,78.66
446,275,2,1,14999,10,13499.1,13499.1,5074.68
447,276,13,2,2999,0,2999,5998,2224.92
448,277,11,2,799,0,799,1598,688.02
449,278,6,1,1299,5,1234.05,1234.05,464.99
450,279,24,1,2199,15,1869.15,1869.15,444.45
451,280,33,1,299,0,299,299,119.22
452,281,25,1,3499,0,3499,3499,1034.43
453,282,10,2,2499,0,2499,4998,1846.74
454,282,11,1,799,0,799,799,344.01
455,282,12,2,1199,5,1139.05,2278.1,572.84
456,283,12,1,1199,0,1199,1199,346.37
457,284,1,2,18999,10,17099.1,34198.2,11850.9
458,284,17,2,7999,10,7199.1,14398.2,2978.26
459,284,30,2,175,0,175,350,108.08
460,284,32,1,349,15,296.65,296.65,63.34
461,285,27,1,1499,10,1349.1,1349.1,284.74
462,286,1,1,18999,10,17099.1,17099.1,5925.45
463,287,14,1,699,0,699,699,284.1
464,288,23,1,21000,20,16800,16800,1933.87
465,289,20,1,32000,0,32000,32000,13509.11
466,290,27,3,1499,0,1499,4497,1303.92
467,291,12,2,1199,0,1199,2398,692.74
468,291,30,3,175,0,175,525,162.12
469,292,20,1,32000,5,30400,30400,11909.11
470,293,28,1,1899,0,1899,1899,790.52
471,293,5,1,22000,0,22000,22000,9783.95
472,293,19,1,18999,5,18049.05,18049.05,5087.46
473,294,14,1,699,15,594.15,594.15,179.25
474,294,4,3,42000,10,37800,113400,43237.68
475,295,31,1,599,10,539.1,539.1,184.92
476,295,19,3,18999,0,18999,56997,18112.23
477,295,28,3,1899,10,1709.1,5127.3,1801.86
478,295,21,1,4999,10,4499.1,4499.1,1485.32
479,296,32,1,349,0,349,349,115.69
480,297,15,1,1399,0,1399,1399,541.82
481,297,19,1,18999,20,15199.2,15199.2,2237.61
482,297,13,1,2999,20,2399.2,2399.2,512.66
483,298,27,1,1499,0,1499,1499,434.64
484,299,14,1,699,0,699,699,284.1
485,300,17,1,7999,10,7199.1,7199.1,1489.13
486,300,5,1,22000,20,17600,17600,5383.95
487,301,22,1,8999,15,7649.15,7649.15,1814.41
488,302,2,1,14999,20,11999.2,11999.2,3574.78
489,302,12,1,1199,15,1019.15,1019.15,166.52
490,303,31,2,599,15,509.15,1018.3,309.94
491,304,10,1,2499,20,1999.2,1999.2,423.57
492,305,35,2,299,5,284.05,568.1,157.32
493,306,27,2,1499,0,1499,2998,869.28
494,306,4,1,42000,15,35700,35700,12312.56
495,307,35,1,299,10,269.1,269.1,63.71
496,308,23,3,21000,0,21000,63000,18401.61
497,308,5,2,22000,0,22000,44000,19567.9
498,309,25,1,3499,20,2799.2,2799.2,334.63
499,310,25,1,3499,0,3499,3499,1034.43
500,311,20,1,32000,0,32000,32000,13509.11
501,311,21,1,4999,0,4999,4999,1985.22
502,311,3,1,55000,20,44000,44000,4799.38
503,312,14,1,699,20,559.2,559.2,144.3
504,312,34,1,249,0,249,249,83.09
505,312,20,3,32000,5,30400,91200,35727.33
506,312,12,1,1199,20,959.2,959.2,106.57
507,313,31,3,599,0,599,1797,734.46
508,314,31,2,599,10,539.1,1078.2,369.84
509,315,21,1,4999,20,3999.2,3999.2,985.42
510,316,34,1,249,0,249,249,83.09
511,317,3,1,55000,15,46750,46750,7549.38
512,318,8,3,12999,15,11049.15,33147.45,7579.95
513,318,1,2,18999,20,15199.2,30398.4,8051.1
514,318,20,1,32000,5,30400,30400,11909.11
515,319,3,1,55000,20,44000,44000,4799.38
516,320,20,1,32000,0,32000,32000,13509.11
517,320,2,1,14999,0,14999,14999,6574.58
518,321,13,1,2999,10,2699.1,2699.1,812.56
519,322,29,1,14999,0,14999,14999,5239.8
520,323,18,1,24999,10,22499.1,22499.1,5696.75
521,324,7,1,3499,10,3149.1,3149.1,725.45
522,324,14,1,699,0,699,699,284.1
523,325,19,1,18999,0,18999,18999,6037.41
524,326,22,1,8999,0,8999,8999,3164.26
525,327,31,3,599,0,599,1797,734.46
526,328,4,1,42000,5,39900,39900,16512.56
527,329,29,1,14999,0,14999,14999,5239.8
528,330,13,2,2999,15,2549.15,5098.3,1325.22
529,331,6,1,1299,20,1039.2,1039.2,270.14
530,331,30,3,175,5,166.25,498.75,135.87
531,331,9,1,17999,0,17999,17999,7369.64
532,332,30,1,175,0,175,175,54.04
533,332,31,1,599,10,539.1,539.1,184.92
534,333,24,1,2199,15,1869.15,1869.15,444.45
535,334,22,1,8999,0,8999,8999,3164.26
536,334,21,1,4999,0,4999,4999,1985.22
537,334,30,1,175,20,140,140,19.04
538,335,23,1,21000,0,21000,21000,6133.87
539,336,26,1,5999,15,5099.15,5099.15,1416.95
540,336,7,1,3499,0,3499,3499,1075.35
541,337,26,1,5999,0,5999,5999,2316.8
542,337,27,1,1499,5,1424.05,1424.05,359.69
543,338,22,1,8999,15,7649.15,7649.15,1814.41
544,339,28,1,1899,0,1899,1899,790.52
545,339,22,1,8999,15,7649.15,7649.15,1814.41
546,340,32,1,349,10,314.1,314.1,80.79
547,341,7,2,3499,0,3499,6998,2150.7
548,342,26,1,5999,0,5999,5999,2316.8
549,343,25,1,3499,15,2974.15,2974.15,509.58
550,343,21,1,4999,0,4999,4999,1985.22
551,344,1,1,18999,5,18049.05,18049.05,6875.4
552,344,10,1,2499,5,2374.05,2374.05,798.42
553,344,29,1,14999,15,12749.15,12749.15,2989.95
554,345,20,3,32000,10,28800,86400,30927.33
555,345,28,1,1899,10,1709.1,1709.1,600.62
556,345,23,1,21000,0,21000,21000,6133.87
557,346,4,2,42000,20,33600,67200,20425.12
558,346,24,3,2199,0,2199,6597,2322.9
559,346,1,2,18999,20,15199.2,30398.4,8051.1
560,347,28,2,1899,5,1804.05,3608.1,1391.14
561,348,25,1,3499,10,3149.1,3149.1,684.53
562,348,26,1,5999,0,5999,5999,2316.8
563,349,13,1,2999,20,2399.2,2399.2,512.66
564,350,27,3,1499,15,1274.15,3822.45,629.37
565,350,10,1,2499,0,2499,2499,923.37
566,350,19,1,18999,0,18999,18999,6037.41
567,351,32,1,349,0,349,349,115.69
568,352,27,2,1499,20,1199.2,2398.4,269.68
569,353,28,1,1899,5,1804.05,1804.05,695.57
570,353,12,1,1199,5,1139.05,1139.05,286.42
571,354,15,1,1399,10,1259.1,1259.1,401.92
572,355,32,2,349,0,349,698,231.38
573,356,18,3,24999,10,22499.1,67497.3,17090.25
574,356,27,1,1499,0,1499,1499,434.64
575,357,24,1,2199,15,1869.15,1869.15,444.45
576,357,8,1,12999,15,11049.15,11049.15,2526.65
577,358,18,1,24999,10,22499.1,22499.1,5696.75
578,358,30,2,175,0,175,350,108.08
579,359,16,1,3499,15,2974.15,2974.15,689.3
580,360,5,2,22000,0,22000,44000,19567.9
581,360,35,1,299,0,299,299,93.61
582,361,1,1,18999,5,18049.05,18049.05,6875.4
583,361,31,1,599,0,599,599,244.82
584,362,27,1,1499,20,1199.2,1199.2,134.84
585,363,11,1,799,10,719.1,719.1,264.11
586,364,17,1,7999,10,7199.1,7199.1,1489.13
587,364,4,1,42000,0,42000,42000,18612.56
588,365,19,1,18999,0,18999,18999,6037.41
589,365,2,1,14999,0,14999,14999,6574.58
590,366,18,1,24999,0,24999,24999,8196.65
591,366,17,2,7999,0,7999,15998,4578.06
592,366,9,2,17999,10,16199.1,32398.2,11139.48
593,367,10,1,2499,0,2499,2499,923.37
594,368,17,1,7999,10,7199.1,7199.1,1489.13
595,368,16,2,3499,0,3499,6998,2428.3
596,368,32,3,349,0,349,1047,347.07
597,369,10,2,2499,5,2374.05,4748.1,1596.84
598,369,32,2,349,0,349,698,231.38
599,370,29,2,14999,0,14999,29998,10479.6
600,371,23,1,21000,0,21000,21000,6133.87
601,372,8,1,12999,5,12349.05,12349.05,3826.55
602,372,4,1,42000,5,39900,39900,16512.56
603,373,35,1,299,15,254.15,254.15,48.76
604,373,15,1,1399,0,1399,1399,541.82
605,374,28,1,1899,20,1519.2,1519.2,410.72
606,375,21,3,4999,15,4249.15,12747.45,3706.11
607,376,7,1,3499,15,2974.15,2974.15,550.5
608,376,35,2,299,0,299,598,187.22
609,376,23,1,21000,20,16800,16800,1933.87
610,376,28,1,1899,15,1614.15,1614.15,505.67
611,377,30,2,175,10,157.5,315,73.08
612,377,16,2,3499,10,3149.1,6298.2,1728.5
613,378,12,1,1199,0,1199,1199,346.37
614,379,5,1,22000,10,19800,19800,7583.95
615,379,1,1,18999,5,18049.05,18049.05,6875.4
616,380,19,1,18999,0,18999,18999,6037.41
617,381,2,1,14999,0,14999,14999,6574.58
618,382,14,2,699,0,699,1398,568.2
619,382,8,1,12999,20,10399.2,10399.2,1876.7
620,382,6,2,1299,10,1169.1,2338.2,800.08
621,383,12,1,1199,15,1019.15,1019.15,166.52
622,383,8,3,12999,15,11049.15,33147.45,7579.95
623,383,17,1,7999,0,7999,7999,2289.03
624,384,21,1,4999,0,4999,4999,1985.22
625,384,17,1,7999,0,7999,7999,2289.03
626,385,22,3,8999,0,8999,26997,9492.78
627,386,17,1,7999,0,7999,7999,2289.03
628,386,12,1,1199,0,1199,1199,346.37
629,386,29,1,14999,0,14999,14999,5239.8
630,386,5,1,22000,20,17600,17600,5383.95
631,387,7,3,3499,15,2974.15,8922.45,1651.5
632,388,17,1,7999,0,7999,7999,2289.03
633,389,17,2,7999,0,7999,15998,4578.06
634,390,10,1,2499,0,2499,2499,923.37
635,390,1,1,18999,0,18999,18999,7825.35
636,390,3,3,55000,10,49500,148500,30898.14
637,391,32,1,349,5,331.55,331.55,98.24
638,392,5,1,22000,15,18700,18700,6483.95
639,392,35,2,299,5,284.05,568.1,157.32
640,392,15,1,1399,10,1259.1,1259.1,401.92
641,393,23,1,21000,15,17850,17850,2983.87
642,393,22,3,8999,15,7649.15,22947.45,5443.23
643,393,20,1,32000,10,28800,28800,10309.11
644,394,22,2,8999,0,8999,17998,6328.52
645,394,6,1,1299,0,1299,1299,529.94
646,394,30,1,175,5,166.25,166.25,45.29
647,395,20,2,32000,15,27200,54400,17418.22
648,395,25,1,3499,5,3324.05,3324.05,859.48
649,396,29,2,14999,0,14999,29998,10479.6
650,397,2,2,14999,10,13499.1,26998.2,10149.36
651,398,25,1,3499,10,3149.1,3149.1,684.53
652,399,32,3,349,20,279.2,837.6,137.67
653,399,35,1,299,0,299,299,93.61
654,400,3,1,55000,0,55000,55000,15799.38
655,401,3,1,55000,20,44000,44000,4799.38
656,401,26,1,5999,10,5399.1,5399.1,1716.9
657,402,35,1,299,10,269.1,269.1,63.71
658,403,15,3,1399,0,1399,4197,1625.46
659,404,32,1,349,10,314.1,314.1,80.79
660,404,2,1,14999,15,12749.15,12749.15,4324.73
661,405,1,1,18999,0,18999,18999,7825.35
662,405,12,2,1199,0,1199,2398,692.74
663,406,11,2,799,0,799,1598,688.02
664,407,7,1,3499,10,3149.1,3149.1,725.45
665,407,8,1,12999,20,10399.2,10399.2,1876.7
666,407,32,1,349,0,349,349,115.69
667,408,26,1,5999,15,5099.15,5099.15,1416.95
668,409,9,2,17999,20,14399.2,28798.4,7539.68
669,409,21,1,4999,0,4999,4999,1985.22
670,410,22,1,8999,0,8999,8999,3164.26
671,410,5,2,22000,0,22000,44000,19567.9
672,411,11,1,799,10,719.1,719.1,264.11
673,411,29,1,14999,0,14999,14999,5239.8
674,412,25,1,3499,5,3324.05,3324.05,859.48
675,412,11,1,799,0,799,799,344.01
676,413,6,2,1299,10,1169.1,2338.2,800.08
677,414,27,1,1499,15,1274.15,1274.15,209.79
678,414,31,1,599,5,569.05,569.05,214.87
679,414,9,1,17999,0,17999,17999,7369.64
680,415,3,2,55000,10,49500,99000,20598.76
681,415,12,3,1199,15,1019.15,3057.45,499.56
682,416,20,1,32000,0,32000,32000,13509.11
683,417,13,3,2999,0,2999,8997,3337.38
684,417,8,1,12999,20,10399.2,10399.2,1876.7
685,418,35,1,299,20,239.2,239.2,33.81
686,418,33,1,299,0,299,299,119.22
687,419,13,1,2999,0,2999,2999,1112.46
688,420,31,1,599,15,509.15,509.15,154.97
689,420,32,3,349,0,349,1047,347.07
690,421,19,1,18999,0,18999,18999,6037.41
691,421,14,1,699,20,559.2,559.2,144.3
692,422,7,2,3499,10,3149.1,6298.2,1450.9
693,423,2,1,14999,0,14999,14999,6574.58
694,424,16,2,3499,10,3149.1,6298.2,1728.5
695,425,27,2,1499,0,1499,2998,869.28
696,425,13,1,2999,0,2999,2999,1112.46
697,426,7,1,3499,5,3324.05,3324.05,900.4
698,427,25,1,3499,5,3324.05,3324.05,859.48
699,427,15,1,1399,5,1329.05,1329.05,471.87
700,427,5,1,22000,10,19800,19800,7583.95
701,428,25,1,3499,5,3324.05,3324.05,859.48
702,429,23,1,21000,0,21000,21000,6133.87
703,429,18,1,24999,10,22499.1,22499.1,5696.75
704,430,9,1,17999,5,17099.05,17099.05,6469.69
705,431,11,2,799,0,799,1598,688.02
706,432,19,1,18999,20,15199.2,15199.2,2237.61
707,433,11,1,799,20,639.2,639.2,184.21
708,433,15,1,1399,20,1119.2,1119.2,262.02
709,434,31,2,599,15,509.15,1018.3,309.94
710,434,30,2,175,0,175,350,108.08
711,434,18,1,24999,10,22499.1,22499.1,5696.75
712,434,1,1,18999,10,17099.1,17099.1,5925.45
713,435,1,1,18999,5,18049.05,18049.05,6875.4
714,435,27,2,1499,10,1349.1,2698.2,569.48
715,435,3,1,55000,10,49500,49500,10299.38
716,436,7,1,3499,0,3499,3499,1075.35
717,437,1,1,18999,5,18049.05,18049.05,6875.4
718,438,9,1,17999,0,17999,17999,7369.64
719,438,23,1,21000,15,17850,17850,2983.87
720,438,19,1,18999,15,16149.15,16149.15,3187.56
721,439,2,3,14999,5,14249.05,42747.15,17473.89
722,440,26,2,5999,0,5999,11998,4633.6
723,440,12,1,1199,15,1019.15,1019.15,166.52
724,441,1,2,18999,0,18999,37998,15650.7
725,442,22,1,8999,0,8999,8999,3164.26
726,443,18,1,24999,10,22499.1,22499.1,5696.75
727,444,14,1,699,0,699,699,284.1
728,444,6,2,1299,0,1299,2598,1059.88
729,445,24,1,2199,0,2199,2199,774.3
730,445,4,1,42000,0,42000,42000,18612.56
731,446,12,1,1199,15,1019.15,1019.15,166.52
732,447,14,1,699,0,699,699,284.1
733,448,8,1,12999,15,11049.15,11049.15,2526.65
734,449,14,1,699,0,699,699,284.1
735,449,15,1,1399,5,1329.05,1329.05,471.87
736,449,21,1,4999,0,4999,4999,1985.22
737,450,29,1,14999,10,13499.1,13499.1,3739.9
738,451,31,1,599,0,599,599,244.82
739,451,35,2,299,15,254.15,508.3,97.52
740,451,19,2,18999,0,18999,37998,12074.82
741,452,30,1,175,5,166.25,166.25,45.29
742,453,19,1,18999,0,18999,18999,6037.41
743,453,5,1,22000,5,20900,20900,8683.95
744,453,7,1,3499,0,3499,3499,1075.35
745,454,34,3,249,0,249,747,249.27
746,455,35,3,299,5,284.05,852.15,235.98
747,456,29,2,14999,0,14999,29998,10479.6
748,457,5,1,22000,20,17600,17600,5383.95
749,458,34,1,249,5,236.55,236.55,70.64
750,459,21,1,4999,15,4249.15,4249.15,1235.37
751,459,32,1,349,10,314.1,314.1,80.79
752,460,20,1,32000,20,25600,25600,7109.11
753,461,17,1,7999,0,7999,7999,2289.03
754,462,4,1,42000,0,42000,42000,18612.56
755,462,10,1,2499,0,2499,2499,923.37
756,462,23,2,21000,0,21000,42000,12267.74
757,462,19,1,18999,0,18999,18999,6037.41
758,463,10,1,2499,0,2499,2499,923.37
759,464,21,1,4999,5,4749.05,4749.05,1735.27
760,465,17,1,7999,0,7999,7999,2289.03
761,466,3,3,55000,0,55000,165000,47398.14
762,466,21,1,4999,10,4499.1,4499.1,1485.32
763,467,35,1,299,5,284.05,284.05,78.66
764,467,20,2,32000,5,30400,60800,23818.22
765,467,8,3,12999,0,12999,38997,13429.5
766,467,2,1,14999,15,12749.15,12749.15,4324.73
767,468,33,1,299,0,299,299,119.22
768,468,22,1,8999,0,8999,8999,3164.26
769,469,10,2,2499,0,2499,4998,1846.74
770,469,29,1,14999,10,13499.1,13499.1,3739.9
771,469,22,1,8999,0,8999,8999,3164.26
772,469,8,1,12999,20,10399.2,10399.2,1876.7
773,470,15,1,1399,0,1399,1399,541.82
774,471,21,1,4999,15,4249.15,4249.15,1235.37
775,472,34,1,249,20,199.2,199.2,33.29
776,473,2,1,14999,20,11999.2,11999.2,3574.78
777,474,6,3,1299,5,1234.05,3702.15,1394.97
778,475,21,1,4999,10,4499.1,4499.1,1485.32
779,476,4,3,42000,0,42000,126000,55837.68
780,477,28,1,1899,0,1899,1899,790.52
781,478,23,1,21000,5,19950,19950,5083.87
782,479,6,2,1299,5,1234.05,2468.1,929.98
783,479,14,2,699,0,699,1398,568.2
784,479,29,1,14999,15,12749.15,12749.15,2989.95
785,480,28,1,1899,0,1899,1899,790.52
786,480,27,1,1499,20,1199.2,1199.2,134.84
787,480,9,1,17999,0,17999,17999,7369.64
788,480,6,1,1299,10,1169.1,1169.1,400.04
789,481,6,1,1299,0,1299,1299,529.94
790,481,1,1,18999,10,17099.1,17099.1,5925.45
791,482,9,1,17999,20,14399.2,14399.2,3769.84
792,483,25,1,3499,5,3324.05,3324.05,859.48
793,484,20,2,32000,0,32000,64000,27018.22
794,485,30,1,175,20,140,140,19.04
795,486,17,1,7999,15,6799.15,6799.15,1089.18
796,487,31,1,599,5,569.05,569.05,214.87
797,487,8,3,12999,15,11049.15,33147.45,7579.95
798,487,19,1,18999,0,18999,18999,6037.41
799,488,32,1,349,0,349,349,115.69
800,488,5,1,22000,10,19800,19800,7583.95
801,489,17,1,7999,5,7599.05,7599.05,1889.08
802,490,8,1,12999,15,11049.15,11049.15,2526.65
803,491,17,1,7999,0,7999,7999,2289.03
804,491,11,1,799,15,679.15,679.15,224.16
805,492,11,1,799,0,799,799,344.01
806,493,23,1,21000,0,21000,21000,6133.87
807,494,5,1,22000,15,18700,18700,6483.95
808,494,33,1,299,0,299,299,119.22
809,495,11,1,799,0,799,799,344.01
810,495,35,2,299,15,254.15,508.3,97.52
811,496,20,1,32000,15,27200,27200,8709.11
812,497,7,1,3499,20,2799.2,2799.2,375.55
813,497,35,1,299,0,299,299,93.61
814,498,24,1,2199,0,2199,2199,774.3
815,498,32,1,349,0,349,349,115.69
816,499,13,2,2999,15,2549.15,5098.3,1325.22
817,499,34,1,249,20,199.2,199.2,33.29
818,500,27,1,1499,0,1499,1499,434.64
819,500,30,3,175,5,166.25,498.75,135.87
820,500,5,1,22000,15,18700,18700,6483.95
821,501,29,2,14999,10,13499.1,26998.2,7479.8
822,502,22,2,8999,0,8999,17998,6328.52
823,502,12,2,1199,0,1199,2398,692.74
824,503,10,1,2499,0,2499,2499,923.37
825,504,9,3,17999,5,17099.05,51297.15,19409.07
826,505,8,1,12999,5,12349.05,12349.05,3826.55
827,505,5,2,22000,0,22000,44000,19567.9
828,506,3,2,55000,10,49500,99000,20598.76
829,507,31,3,599,0,599,1797,734.46
830,507,8,1,12999,15,11049.15,11049.15,2526.65
831,508,7,2,3499,10,3149.1,6298.2,1450.9
832,509,13,1,2999,0,2999,2999,1112.46
833,510,10,2,2499,0,2499,4998,1846.74
834,511,23,1,21000,20,16800,16800,1933.87
835,512,16,1,3499,0,3499,3499,1214.15
836,512,33,2,299,20,239.2,478.4,118.84
837,513,1,1,18999,15,16149.15,16149.15,4975.5
838,514,19,1,18999,20,15199.2,15199.2,2237.61
839,515,7,3,3499,20,2799.2,8397.6,1126.65
840,515,14,2,699,0,699,1398,568.2
841,516,12,1,1199,0,1199,1199,346.37
842,516,29,1,14999,0,14999,14999,5239.8
843,517,28,1,1899,20,1519.2,1519.2,410.72
844,517,14,3,699,0,699,2097,852.3
845,517,33,1,299,10,269.1,269.1,89.32
846,517,15,1,1399,20,1119.2,1119.2,262.02
847,518,19,1,18999,0,18999,18999,6037.41
848,519,32,1,349,0,349,349,115.69
849,520,20,1,32000,20,25600,25600,7109.11
850,521,27,1,1499,20,1199.2,1199.2,134.84
851,522,5,2,22000,20,17600,35200,10767.9
852,523,24,1,2199,15,1869.15,1869.15,444.45
853,524,7,1,3499,10,3149.1,3149.1,725.45
854,525,6,1,1299,5,1234.05,1234.05,464.99
855,525,8,1,12999,0,12999,12999,4476.5
856,526,11,1,799,0,799,799,344.01
857,526,5,1,22000,10,19800,19800,7583.95
858,527,26,2,5999,15,5099.15,10198.3,2833.9
859,527,8,1,12999,20,10399.2,10399.2,1876.7
860,527,15,2,1399,10,1259.1,2518.2,803.84
861,528,26,1,5999,10,5399.1,5399.1,1716.9
862,528,23,3,21000,5,19950,59850,15251.61
863,529,33,1,299,20,239.2,239.2,59.42
864,530,8,1,12999,5,12349.05,12349.05,3826.55
865,531,9,1,17999,15,15299.15,15299.15,4669.79
866,532,5,1,22000,0,22000,22000,9783.95
867,533,25,1,3499,0,3499,3499,1034.43
868,533,21,2,4999,15,4249.15,8498.3,2470.74
869,533,10,2,2499,20,1999.2,3998.4,847.14
870,533,20,1,32000,5,30400,30400,11909.11
871,534,32,1,349,0,349,349,115.69
872,535,35,3,299,0,299,897,280.83
873,535,2,3,14999,0,14999,44997,19723.74
874,536,21,2,4999,5,4749.05,9498.1,3470.54
875,537,3,1,55000,15,46750,46750,7549.38
876,538,20,1,32000,0,32000,32000,13509.11
877,538,11,2,799,5,759.05,1518.1,608.12
878,538,32,2,349,10,314.1,628.2,161.58
879,539,35,1,299,20,239.2,239.2,33.81
880,539,31,1,599,0,599,599,244.82
881,540,32,1,349,5,331.55,331.55,98.24
882,541,23,1,21000,0,21000,21000,6133.87
883,541,19,1,18999,0,18999,18999,6037.41
884,542,23,1,21000,5,19950,19950,5083.87
885,542,2,1,14999,0,14999,14999,6574.58
886,542,22,1,8999,0,8999,8999,3164.26
887,543,16,1,3499,15,2974.15,2974.15,689.3
888,543,20,1,32000,0,32000,32000,13509.11
889,544,8,1,12999,0,12999,12999,4476.5
890,545,3,1,55000,5,52250,52250,13049.38
891,545,30,1,175,5,166.25,166.25,45.29
892,546,31,1,599,0,599,599,244.82
893,547,25,1,3499,0,3499,3499,1034.43
894,548,7,1,3499,20,2799.2,2799.2,375.55
895,548,14,2,699,0,699,1398,568.2
896,548,22,1,8999,0,8999,8999,3164.26
897,549,28,1,1899,15,1614.15,1614.15,505.67
898,550,5,2,22000,10,19800,39600,15167.9
899,551,17,1,7999,10,7199.1,7199.1,1489.13
900,552,15,1,1399,0,1399,1399,541.82
901,553,7,1,3499,10,3149.1,3149.1,725.45
902,553,22,2,8999,5,8549.05,17098.1,5428.62
903,554,28,1,1899,20,1519.2,1519.2,410.72
904,555,20,1,32000,0,32000,32000,13509.11
905,556,35,1,299,5,284.05,284.05,78.66
906,557,33,1,299,20,239.2,239.2,59.42
907,558,2,2,14999,10,13499.1,26998.2,10149.36
908,558,34,1,249,15,211.65,211.65,45.74
909,559,30,3,175,15,148.75,446.25,83.37
910,559,18,1,24999,10,22499.1,22499.1,5696.75
911,559,35,1,299,5,284.05,284.05,78.66
912,559,28,1,1899,0,1899,1899,790.52
913,560,20,1,32000,20,25600,25600,7109.11
914,560,28,2,1899,0,1899,3798,1581.04
915,561,14,2,699,0,699,1398,568.2
916,562,19,1,18999,0,18999,18999,6037.41
917,563,16,1,3499,0,3499,3499,1214.15
918,563,26,1,5999,0,5999,5999,2316.8
919,564,20,1,32000,5,30400,30400,11909.11
920,564,30,1,175,0,175,175,54.04
921,565,13,1,2999,0,2999,2999,1112.46
922,566,18,1,24999,0,24999,24999,8196.65
923,567,3,3,55000,5,52250,156750,39148.14
924,568,4,1,42000,0,42000,42000,18612.56
925,568,6,2,1299,5,1234.05,2468.1,929.98
926,569,6,1,1299,10,1169.1,1169.1,400.04
927,569,26,2,5999,0,5999,11998,4633.6
928,569,9,1,17999,20,14399.2,14399.2,3769.84
929,570,34,1,249,0,249,249,83.09
930,571,8,2,12999,0,12999,25998,8953
931,572,25,2,3499,15,2974.15,5948.3,1019.16
932,573,28,1,1899,0,1899,1899,790.52
933,574,18,1,24999,0,24999,24999,8196.65
934,575,4,1,42000,0,42000,42000,18612.56
935,576,8,1,12999,5,12349.05,12349.05,3826.55
936,577,16,3,3499,20,2799.2,8397.6,1543.05
937,578,24,1,2199,10,1979.1,1979.1,554.4
938,578,31,1,599,15,509.15,509.15,154.97
939,578,20,1,32000,0,32000,32000,13509.11
940,579,16,1,3499,5,3324.05,3324.05,1039.2
941,580,24,3,2199,15,1869.15,5607.45,1333.35
942,581,8,1,12999,0,12999,12999,4476.5
943,582,25,3,3499,0,3499,10497,3103.29
944,582,1,1,18999,20,15199.2,15199.2,4025.55
945,582,26,2,5999,0,5999,11998,4633.6
946,583,11,3,799,15,679.15,2037.45,672.48
947,584,27,2,1499,0,1499,2998,869.28
948,585,32,3,349,0,349,1047,347.07
949,585,31,2,599,20,479.2,958.4,250.04
950,585,27,1,1499,0,1499,1499,434.64
951,586,33,1,299,10,269.1,269.1,89.32
952,586,5,2,22000,10,19800,39600,15167.9
953,587,30,2,175,15,148.75,297.5,55.58
954,587,2,1,14999,15,12749.15,12749.15,4324.73
955,588,9,1,17999,0,17999,17999,7369.64
956,589,20,1,32000,0,32000,32000,13509.11
957,590,16,1,3499,20,2799.2,2799.2,514.35
958,591,9,2,17999,15,15299.15,30598.3,9339.58
959,592,21,1,4999,20,3999.2,3999.2,985.42
960,593,17,1,7999,20,6399.2,6399.2,689.23
961,593,12,1,1199,0,1199,1199,346.37
962,594,27,1,1499,5,1424.05,1424.05,359.69
963,595,25,3,3499,10,3149.1,9447.3,2053.59
964,596,2,3,14999,15,12749.15,38247.45,12974.19
965,597,15,3,1399,0,1399,4197,1625.46
966,597,6,1,1299,20,1039.2,1039.2,270.14
967,598,26,1,5999,10,5399.1,5399.1,1716.9
968,599,6,3,1299,0,1299,3897,1589.82
969,600,8,1,12999,5,12349.05,12349.05,3826.55
970,600,1,2,18999,5,18049.05,36098.1,13750.8
971,600,34,1,249,15,211.65,211.65,45.74
972,601,18,1,24999,5,23749.05,23749.05,6946.7
973,602,28,2,1899,10,1709.1,3418.2,1201.24
974,603,19,2,18999,0,18999,37998,12074.82
975,604,27,2,1499,0,1499,2998,869.28
976,605,17,1,7999,5,7599.05,7599.05,1889.08
977,606,24,1,2199,0,2199,2199,774.3
978,606,30,2,175,15,148.75,297.5,55.58
979,606,6,1,1299,0,1299,1299,529.94
980,607,28,1,1899,10,1709.1,1709.1,600.62
981,607,17,1,7999,0,7999,7999,2289.03
982,608,31,1,599,10,539.1,539.1,184.92
983,608,23,1,21000,0,21000,21000,6133.87
984,608,3,3,55000,15,46750,140250,22648.14
985,609,24,1,2199,10,1979.1,1979.1,554.4
986,610,12,1,1199,10,1079.1,1079.1,226.47
987,611,32,3,349,5,331.55,994.65,294.72
988,612,21,2,4999,5,4749.05,9498.1,3470.54
989,613,10,1,2499,0,2499,2499,923.37
990,614,9,1,17999,20,14399.2,14399.2,3769.84
991,615,24,3,2199,0,2199,6597,2322.9
992,616,17,1,7999,0,7999,7999,2289.03
993,616,34,1,249,5,236.55,236.55,70.64
994,616,21,2,4999,0,4999,9998,3970.44
995,617,29,1,14999,0,14999,14999,5239.8
996,617,4,1,42000,0,42000,42000,18612.56
997,618,11,2,799,5,759.05,1518.1,608.12
998,619,8,3,12999,5,12349.05,37047.15,11479.65
999,620,23,3,21000,10,18900,56700,12101.61
1000,621,32,1,349,15,296.65,296.65,63.34
1001,622,8,1,12999,0,12999,12999,4476.5
1002,622,23,1,21000,0,21000,21000,6133.87
1003,622,6,2,1299,20,1039.2,2078.4,540.28
1004,623,14,1,699,0,699,699,284.1
1005,624,12,3,1199,0,1199,3597,1039.11
1006,624,27,2,1499,15,1274.15,2548.3,419.58
1007,625,7,2,3499,0,3499,6998,2150.7
1008,626,19,1,18999,15,16149.15,16149.15,3187.56
1009,627,24,1,2199,0,2199,2199,774.3
1010,628,10,1,2499,15,2124.15,2124.15,548.52
1011,628,2,1,14999,5,14249.05,14249.05,5824.63
1012,628,6,1,1299,0,1299,1299,529.94
1013,629,1,3,18999,15,16149.15,48447.45,14926.5
1014,629,22,1,8999,5,8549.05,8549.05,2714.31
1015,630,9,1,17999,0,17999,17999,7369.64
1016,631,19,1,18999,0,18999,18999,6037.41
1017,632,25,1,3499,0,3499,3499,1034.43
1018,632,6,1,1299,20,1039.2,1039.2,270.14
1019,633,26,1,5999,20,4799.2,4799.2,1117
1020,634,25,2,3499,0,3499,6998,2068.86
1021,635,10,1,2499,20,1999.2,1999.2,423.57
1022,635,8,1,12999,20,10399.2,10399.2,1876.7
1023,636,9,2,17999,10,16199.1,32398.2,11139.48
1024,636,23,1,21000,5,19950,19950,5083.87
1025,636,7,2,3499,5,3324.05,6648.1,1800.8
1026,637,28,1,1899,5,1804.05,1804.05,695.57
1027,638,12,1,1199,0,1199,1199,346.37
1028,638,28,3,1899,15,1614.15,4842.45,1517.01
1029,638,6,1,1299,15,1104.15,1104.15,335.09
1030,639,32,1,349,10,314.1,314.1,80.79
1031,639,34,1,249,5,236.55,236.55,70.64
1032,640,31,1,599,0,599,599,244.82
1033,641,20,1,32000,0,32000,32000,13509.11
1034,641,16,1,3499,10,3149.1,3149.1,864.25
1035,642,3,1,55000,10,49500,49500,10299.38
1036,643,7,1,3499,15,2974.15,2974.15,550.5
1037,644,17,1,7999,0,7999,7999,2289.03
1038,644,23,2,21000,0,21000,42000,12267.74
1039,645,30,1,175,0,175,175,54.04
1040,646,26,1,5999,5,5699.05,5699.05,2016.85
1041,647,20,2,32000,5,30400,60800,23818.22
1042,647,21,1,4999,0,4999,4999,1985.22
1043,647,30,1,175,20,140,140,19.04
1044,648,14,2,699,10,629.1,1258.2,428.4
1045,648,12,1,1199,15,1019.15,1019.15,166.52
1046,648,6,1,1299,10,1169.1,1169.1,400.04
1047,649,26,1,5999,0,5999,5999,2316.8
1048,650,30,2,175,15,148.75,297.5,55.58
1049,650,26,1,5999,5,5699.05,5699.05,2016.85
1050,651,24,1,2199,15,1869.15,1869.15,444.45
1051,652,20,1,32000,0,32000,32000,13509.11
1052,652,6,1,1299,20,1039.2,1039.2,270.14
1053,653,13,2,2999,0,2999,5998,2224.92
1054,654,10,1,2499,5,2374.05,2374.05,798.42
1055,655,35,1,299,0,299,299,93.61
1056,656,10,1,2499,0,2499,2499,923.37
1057,656,31,1,599,0,599,599,244.82
1058,657,29,1,14999,20,11999.2,11999.2,2240
1059,657,32,1,349,0,349,349,115.69
1060,658,13,1,2999,20,2399.2,2399.2,512.66
1061,659,4,1,42000,20,33600,33600,10212.56
1062,659,22,2,8999,5,8549.05,17098.1,5428.62
1063,659,1,2,18999,15,16149.15,32298.3,9951
1064,660,19,1,18999,5,18049.05,18049.05,5087.46
1065,660,3,1,55000,15,46750,46750,7549.38
1066,661,32,2,349,10,314.1,628.2,161.58
1067,661,15,1,1399,10,1259.1,1259.1,401.92
1068,662,5,1,22000,15,18700,18700,6483.95
1069,663,31,1,599,10,539.1,539.1,184.92
1070,664,23,1,21000,0,21000,21000,6133.87
1071,664,29,2,14999,5,14249.05,28498.1,8979.7
1072,664,28,1,1899,0,1899,1899,790.52
1073,665,22,1,8999,0,8999,8999,3164.26
1074,665,30,2,175,5,166.25,332.5,90.58
1075,666,24,1,2199,15,1869.15,1869.15,444.45
1076,666,31,1,599,5,569.05,569.05,214.87
1077,666,11,1,799,0,799,799,344.01
1078,666,14,1,699,5,664.05,664.05,249.15
1079,667,27,3,1499,5,1424.05,4272.15,1079.07
1080,668,14,1,699,0,699,699,284.1
1081,669,17,1,7999,0,7999,7999,2289.03
1082,670,33,1,299,0,299,299,119.22
1083,671,8,1,12999,0,12999,12999,4476.5
1084,672,32,3,349,20,279.2,837.6,137.67
1085,672,17,1,7999,0,7999,7999,2289.03
1086,673,18,2,24999,20,19999.2,39998.4,6393.7
1087,674,33,2,299,5,284.05,568.1,208.54
1088,674,7,2,3499,20,2799.2,5598.4,751.1
1089,675,7,1,3499,0,3499,3499,1075.35
1090,675,3,1,55000,20,44000,44000,4799.38
1091,676,24,1,2199,0,2199,2199,774.3
1092,677,33,2,299,0,299,598,238.44
1093,677,32,1,349,0,349,349,115.69
1094,678,9,1,17999,0,17999,17999,7369.64
1095,679,29,3,14999,20,11999.2,35997.6,6720
1096,680,16,1,3499,10,3149.1,3149.1,864.25
1097,680,31,1,599,0,599,599,244.82
1098,681,27,1,1499,15,1274.15,1274.15,209.79
1099,682,34,1,249,0,249,249,83.09
1100,683,28,1,1899,5,1804.05,1804.05,695.57
1101,684,34,1,249,20,199.2,199.2,33.29
1102,684,24,1,2199,20,1759.2,1759.2,334.5
1103,684,2,1,14999,0,14999,14999,6574.58
1104,685,21,1,4999,20,3999.2,3999.2,985.42
1105,686,4,1,42000,0,42000,42000,18612.56
1106,687,10,3,2499,15,2124.15,6372.45,1645.56
1107,687,4,2,42000,10,37800,75600,28825.12
1108,688,27,3,1499,0,1499,4497,1303.92
1109,688,26,2,5999,10,5399.1,10798.2,3433.8
1110,688,20,1,32000,0,32000,32000,13509.11
1111,688,21,2,4999,5,4749.05,9498.1,3470.54
1112,689,35,1,299,20,239.2,239.2,33.81
1113,689,29,2,14999,5,14249.05,28498.1,8979.7
1114,690,20,1,32000,0,32000,32000,13509.11
1115,690,6,1,1299,15,1104.15,1104.15,335.09
1116,691,9,3,17999,0,17999,53997,22108.92
1117,691,34,1,249,10,224.1,224.1,58.19
1118,692,34,2,249,0,249,498,166.18
1119,692,22,1,8999,20,7199.2,7199.2,1364.46
1120,693,17,2,7999,0,7999,15998,4578.06
1121,693,16,2,3499,10,3149.1,6298.2,1728.5
1122,694,4,2,42000,0,42000,84000,37225.12
1123,695,23,1,21000,15,17850,17850,2983.87
1124,695,8,3,12999,5,12349.05,37047.15,11479.65
1125,696,1,1,18999,0,18999,18999,7825.35
1126,697,35,1,299,15,254.15,254.15,48.76
1127,697,15,2,1399,15,1189.15,2378.3,663.94
1128,697,23,1,21000,0,21000,21000,6133.87
1129,698,25,1,3499,0,3499,3499,1034.43
1130,699,34,1,249,20,199.2,199.2,33.29
1131,700,30,1,175,5,166.25,166.25,45.29
1132,700,7,2,3499,0,3499,6998,2150.7
1133,701,28,2,1899,5,1804.05,3608.1,1391.14
1134,702,14,1,699,0,699,699,284.1
1135,703,34,1,249,10,224.1,224.1,58.19
1136,704,26,1,5999,15,5099.15,5099.15,1416.95
1137,704,17,1,7999,5,7599.05,7599.05,1889.08
1138,705,32,2,349,0,349,698,231.38
1139,705,27,1,1499,5,1424.05,1424.05,359.69
1140,706,9,2,17999,0,17999,35998,14739.28
1141,706,33,1,299,5,284.05,284.05,104.27
1142,707,11,3,799,0,799,2397,1032.03
1143,708,8,1,12999,0,12999,12999,4476.5
1144,708,27,1,1499,0,1499,1499,434.64
1145,708,24,1,2199,0,2199,2199,774.3
1146,709,32,1,349,0,349,349,115.69
1147,710,10,2,2499,5,2374.05,4748.1,1596.84
1148,711,20,2,32000,0,32000,64000,27018.22
1149,712,32,1,349,10,314.1,314.1,80.79
1150,713,3,1,55000,10,49500,49500,10299.38
1151,714,29,3,14999,20,11999.2,35997.6,6720
1152,715,9,2,17999,10,16199.1,32398.2,11139.48
1153,716,29,2,14999,0,14999,29998,10479.6
1154,716,10,1,2499,10,2249.1,2249.1,673.47
1155,717,27,1,1499,5,1424.05,1424.05,359.69
1156,717,25,1,3499,0,3499,3499,1034.43
1157,718,29,2,14999,10,13499.1,26998.2,7479.8
1158,718,18,1,24999,20,19999.2,19999.2,3196.85
1159,718,6,2,1299,10,1169.1,2338.2,800.08
1160,718,11,1,799,15,679.15,679.15,224.16
1161,719,13,1,2999,0,2999,2999,1112.46
1162,719,35,3,299,10,269.1,807.3,191.13
1163,720,31,1,599,0,599,599,244.82
1164,721,35,1,299,0,299,299,93.61
1165,722,14,1,699,15,594.15,594.15,179.25
1166,723,29,1,14999,5,14249.05,14249.05,4489.85
1167,723,6,1,1299,5,1234.05,1234.05,464.99
1168,723,35,2,299,0,299,598,187.22
1169,724,12,1,1199,20,959.2,959.2,106.57
1170,725,25,1,3499,0,3499,3499,1034.43
1171,725,17,1,7999,0,7999,7999,2289.03
1172,726,17,2,7999,0,7999,15998,4578.06
1173,727,20,3,32000,15,27200,81600,26127.33
1174,728,11,1,799,0,799,799,344.01
1175,729,4,1,42000,0,42000,42000,18612.56
1176,730,27,2,1499,0,1499,2998,869.28
1177,731,8,1,12999,0,12999,12999,4476.5
1178,732,16,1,3499,10,3149.1,3149.1,864.25
1179,732,32,1,349,0,349,349,115.69
1180,733,21,1,4999,5,4749.05,4749.05,1735.27
1181,734,2,1,14999,0,14999,14999,6574.58
1182,735,2,1,14999,10,13499.1,13499.1,5074.68
1183,735,18,1,24999,0,24999,24999,8196.65
1184,735,7,1,3499,5,3324.05,3324.05,900.4
1185,736,33,1,299,0,299,299,119.22
1186,737,11,2,799,10,719.1,1438.2,528.22
1187,738,29,3,14999,10,13499.1,40497.3,11219.7
1188,738,3,1,55000,0,55000,55000,15799.38
1189,738,1,1,18999,5,18049.05,18049.05,6875.4
1190,738,30,1,175,0,175,175,54.04
1191,739,25,1,3499,10,3149.1,3149.1,684.53
1192,739,23,1,21000,0,21000,21000,6133.87
1193,739,14,2,699,10,629.1,1258.2,428.4
1194,740,5,1,22000,5,20900,20900,8683.95
1195,741,9,2,17999,0,17999,35998,14739.28
1196,741,18,1,24999,20,19999.2,19999.2,3196.85
1197,742,21,2,4999,0,4999,9998,3970.44
1198,743,29,1,14999,0,14999,14999,5239.8
1199,743,18,1,24999,5,23749.05,23749.05,6946.7
1200,744,22,1,8999,15,7649.15,7649.15,1814.41
1201,745,1,1,18999,0,18999,18999,7825.35
1202,746,12,2,1199,10,1079.1,2158.2,452.94
1203,746,27,1,1499,15,1274.15,1274.15,209.79
1204,746,32,1,349,10,314.1,314.1,80.79
1205,747,29,1,14999,0,14999,14999,5239.8
1206,748,25,1,3499,0,3499,3499,1034.43
1207,748,23,3,21000,5,19950,59850,15251.61
1208,748,12,1,1199,15,1019.15,1019.15,166.52
1209,748,1,1,18999,0,18999,18999,7825.35
1210,749,23,1,21000,20,16800,16800,1933.87
1211,750,20,1,32000,5,30400,30400,11909.11
1212,750,15,3,1399,0,1399,4197,1625.46
1213,751,14,1,699,20,559.2,559.2,144.3
1214,752,8,1,12999,5,12349.05,12349.05,3826.55
1215,752,18,1,24999,0,24999,24999,8196.65
1216,753,12,1,1199,15,1019.15,1019.15,166.52
1217,753,5,1,22000,0,22000,22000,9783.95
1218,754,15,1,1399,15,1189.15,1189.15,331.97
1219,754,34,1,249,15,211.65,211.65,45.74
1220,754,18,1,24999,10,22499.1,22499.1,5696.75
1221,755,30,1,175,5,166.25,166.25,45.29
1222,756,4,1,42000,5,39900,39900,16512.56
1223,756,21,1,4999,15,4249.15,4249.15,1235.37
1224,757,32,1,349,0,349,349,115.69
1225,757,24,2,2199,0,2199,4398,1548.6
1226,758,27,1,1499,0,1499,1499,434.64
1227,759,13,1,2999,10,2699.1,2699.1,812.56
1228,760,2,3,14999,0,14999,44997,19723.74
1229,761,28,1,1899,0,1899,1899,790.52
1230,761,5,1,22000,15,18700,18700,6483.95
1231,761,16,1,3499,5,3324.05,3324.05,1039.2
1232,761,13,1,2999,0,2999,2999,1112.46
1233,762,22,2,8999,0,8999,17998,6328.52
1234,763,16,3,3499,20,2799.2,8397.6,1543.05
1235,764,22,1,8999,0,8999,8999,3164.26
1236,765,29,1,14999,0,14999,14999,5239.8
1237,765,7,3,3499,5,3324.05,9972.15,2701.2
1238,765,8,1,12999,20,10399.2,10399.2,1876.7
1239,766,9,3,17999,5,17099.05,51297.15,19409.07
1240,766,4,1,42000,10,37800,37800,14412.56
1241,767,5,1,22000,10,19800,19800,7583.95
1242,767,7,1,3499,20,2799.2,2799.2,375.55
1243,768,7,1,3499,5,3324.05,3324.05,900.4
1244,769,1,1,18999,5,18049.05,18049.05,6875.4
1245,770,7,1,3499,15,2974.15,2974.15,550.5
1246,770,22,2,8999,5,8549.05,17098.1,5428.62
1247,771,13,1,2999,10,2699.1,2699.1,812.56
1248,771,7,2,3499,10,3149.1,6298.2,1450.9
1249,772,13,1,2999,0,2999,2999,1112.46
1250,772,9,1,17999,5,17099.05,17099.05,6469.69
1251,773,29,1,14999,0,14999,14999,5239.8
1252,774,4,1,42000,5,39900,39900,16512.56
1253,774,9,1,17999,15,15299.15,15299.15,4669.79
1254,775,20,2,32000,0,32000,64000,27018.22
1255,775,35,1,299,10,269.1,269.1,63.71
1256,776,24,3,2199,10,1979.1,5937.3,1663.2
1257,777,10,1,2499,10,2249.1,2249.1,673.47
1258,778,4,1,42000,0,42000,42000,18612.56
1259,778,28,1,1899,0,1899,1899,790.52
1260,778,23,2,21000,0,21000,42000,12267.74
1261,779,13,1,2999,15,2549.15,2549.15,662.61
1262,780,30,2,175,10,157.5,315,73.08
1263,780,22,3,8999,10,8099.1,24297.3,6793.08
1264,781,20,1,32000,0,32000,32000,13509.11
1265,782,3,1,55000,0,55000,55000,15799.38
1266,783,15,1,1399,0,1399,1399,541.82
1267,783,30,1,175,20,140,140,19.04
1268,784,22,1,8999,0,8999,8999,3164.26
1269,784,25,1,3499,0,3499,3499,1034.43
1270,784,14,1,699,10,629.1,629.1,214.2
1271,784,26,1,5999,0,5999,5999,2316.8
1272,785,24,1,2199,0,2199,2199,774.3
1273,786,19,1,18999,0,18999,18999,6037.41
1274,787,22,1,8999,0,8999,8999,3164.26
1275,787,16,1,3499,0,3499,3499,1214.15
1276,788,2,1,14999,0,14999,14999,6574.58
1277,788,9,1,17999,0,17999,17999,7369.64
1278,788,25,1,3499,0,3499,3499,1034.43
1279,789,24,1,2199,10,1979.1,1979.1,554.4
1280,790,28,2,1899,0,1899,3798,1581.04
1281,790,5,2,22000,0,22000,44000,19567.9
1282,790,8,1,12999,15,11049.15,11049.15,2526.65
1283,790,10,1,2499,10,2249.1,2249.1,673.47
1284,791,16,3,3499,20,2799.2,8397.6,1543.05
1285,792,13,1,2999,0,2999,2999,1112.46
1286,792,35,1,299,0,299,299,93.61
1287,793,18,2,24999,10,22499.1,44998.2,11393.5
1288,793,9,2,17999,0,17999,35998,14739.28
1289,794,31,1,599,5,569.05,569.05,214.87
1290,794,5,2,22000,15,18700,37400,12967.9
1291,795,24,1,2199,0,2199,2199,774.3
1292,795,32,1,349,0,349,349,115.69
1293,796,31,1,599,10,539.1,539.1,184.92
1294,796,32,1,349,20,279.2,279.2,45.89
1295,797,3,1,55000,0,55000,55000,15799.38
1296,797,14,1,699,0,699,699,284.1
1297,798,20,1,32000,5,30400,30400,11909.11
1298,799,24,1,2199,0,2199,2199,774.3
1299,799,17,2,7999,0,7999,15998,4578.06
1300,800,23,1,21000,0,21000,21000,6133.87
1301,801,22,1,8999,5,8549.05,8549.05,2714.31
1302,802,28,1,1899,20,1519.2,1519.2,410.72
1303,803,18,1,24999,0,24999,24999,8196.65
1304,804,29,1,14999,15,12749.15,12749.15,2989.95
1305,805,6,1,1299,10,1169.1,1169.1,400.04
1306,806,6,3,1299,0,1299,3897,1589.82
1307,806,18,1,24999,0,24999,24999,8196.65
1308,807,13,1,2999,15,2549.15,2549.15,662.61
1309,808,20,2,32000,20,25600,51200,14218.22
1310,809,18,1,24999,10,22499.1,22499.1,5696.75
1311,810,35,1,299,0,299,299,93.61
1312,810,17,2,7999,5,7599.05,15198.1,3778.16
1313,810,1,3,18999,20,15199.2,45597.6,12076.65
1314,810,20,1,32000,15,27200,27200,8709.11
1315,811,33,3,299,0,299,897,357.66
1316,812,15,1,1399,10,1259.1,1259.1,401.92
1317,812,14,2,699,20,559.2,1118.4,288.6
1318,812,31,1,599,20,479.2,479.2,125.02
1319,813,6,1,1299,0,1299,1299,529.94
1320,814,27,1,1499,5,1424.05,1424.05,359.69
1321,815,2,1,14999,0,14999,14999,6574.58
1322,815,24,1,2199,15,1869.15,1869.15,444.45
1323,815,9,1,17999,20,14399.2,14399.2,3769.84
1324,816,23,1,21000,5,19950,19950,5083.87
1325,816,22,1,8999,5,8549.05,8549.05,2714.31
1326,817,35,1,299,0,299,299,93.61
1327,817,20,1,32000,0,32000,32000,13509.11
1328,818,10,3,2499,0,2499,7497,2770.11
1329,818,22,3,8999,0,8999,26997,9492.78
1330,818,26,1,5999,0,5999,5999,2316.8
1331,819,22,1,8999,5,8549.05,8549.05,2714.31
1332,820,20,1,32000,15,27200,27200,8709.11
1333,820,6,1,1299,0,1299,1299,529.94
1334,821,32,1,349,5,331.55,331.55,98.24
1335,821,2,1,14999,0,14999,14999,6574.58
1336,821,12,1,1199,10,1079.1,1079.1,226.47
1337,822,4,1,42000,0,42000,42000,18612.56
1338,823,27,1,1499,0,1499,1499,434.64
1339,824,27,1,1499,0,1499,1499,434.64
1340,825,14,1,699,0,699,699,284.1
1341,826,31,1,599,10,539.1,539.1,184.92
1342,827,13,1,2999,0,2999,2999,1112.46
1343,827,33,3,299,5,284.05,852.15,312.81
1344,827,30,1,175,5,166.25,166.25,45.29
1345,828,16,1,3499,10,3149.1,3149.1,864.25
1346,828,34,2,249,5,236.55,473.1,141.28
1347,829,3,2,55000,0,55000,110000,31598.76
1348,830,30,2,175,15,148.75,297.5,55.58
1349,830,23,2,21000,5,19950,39900,10167.74
1350,831,12,1,1199,10,1079.1,1079.1,226.47
1351,831,27,2,1499,5,1424.05,2848.1,719.38
1352,832,12,1,1199,0,1199,1199,346.37
1353,833,3,1,55000,20,44000,44000,4799.38
1354,834,35,1,299,0,299,299,93.61
1355,835,14,1,699,20,559.2,559.2,144.3
1356,835,32,1,349,0,349,349,115.69
1357,836,7,1,3499,20,2799.2,2799.2,375.55
1358,837,21,1,4999,0,4999,4999,1985.22
1359,838,33,1,299,0,299,299,119.22
1360,839,5,1,22000,15,18700,18700,6483.95
1361,840,25,2,3499,20,2799.2,5598.4,669.26
1362,840,22,1,8999,0,8999,8999,3164.26
1363,841,8,2,12999,0,12999,25998,8953
1364,842,30,1,175,0,175,175,54.04
1365,843,16,2,3499,5,3324.05,6648.1,2078.4
1366,844,18,2,24999,0,24999,49998,16393.3
1367,845,2,1,14999,0,14999,14999,6574.58
1368,846,35,2,299,0,299,598,187.22
1369,847,1,1,18999,0,18999,18999,7825.35
1370,848,12,1,1199,0,1199,1199,346.37
1371,849,35,1,299,20,239.2,239.2,33.81
1372,849,14,1,699,10,629.1,629.1,214.2
1373,849,29,1,14999,15,12749.15,12749.15,2989.95
1374,850,7,1,3499,5,3324.05,3324.05,900.4
1375,850,25,1,3499,0,3499,3499,1034.43
1376,851,25,2,3499,0,3499,6998,2068.86
1377,852,24,3,2199,0,2199,6597,2322.9
1378,853,27,1,1499,0,1499,1499,434.64
1379,854,13,1,2999,0,2999,2999,1112.46
1380,855,7,2,3499,20,2799.2,5598.4,751.1
1381,856,11,1,799,0,799,799,344.01
1382,856,3,2,55000,0,55000,110000,31598.76
1383,857,13,1,2999,10,2699.1,2699.1,812.56
1384,858,28,1,1899,0,1899,1899,790.52
1385,859,21,1,4999,5,4749.05,4749.05,1735.27
1386,860,1,1,18999,0,18999,18999,7825.35
1387,860,25,1,3499,20,2799.2,2799.2,334.63
1388,861,24,1,2199,0,2199,2199,774.3
1389,862,32,3,349,0,349,1047,347.07
1390,863,35,2,299,20,239.2,478.4,67.62
1391,864,11,1,799,0,799,799,344.01
1392,865,25,1,3499,15,2974.15,2974.15,509.58
1393,865,9,2,17999,15,15299.15,30598.3,9339.58
1394,866,31,1,599,0,599,599,244.82
1395,867,29,1,14999,15,12749.15,12749.15,2989.95
1396,867,25,1,3499,10,3149.1,3149.1,684.53
1397,868,1,1,18999,20,15199.2,15199.2,4025.55
1398,868,15,2,1399,0,1399,2798,1083.64
1399,869,28,2,1899,10,1709.1,3418.2,1201.24
1400,870,9,1,17999,0,17999,17999,7369.64
1401,871,13,1,2999,0,2999,2999,1112.46
1402,872,16,2,3499,0,3499,6998,2428.3
1403,872,29,1,14999,0,14999,14999,5239.8
1404,873,3,2,55000,5,52250,104500,26098.76
1405,873,34,1,249,0,249,249,83.09
1406,874,2,1,14999,15,12749.15,12749.15,4324.73
1407,875,16,1,3499,0,3499,3499,1214.15
1408,876,16,1,3499,0,3499,3499,1214.15
1409,876,15,1,1399,0,1399,1399,541.82
1410,876,25,1,3499,5,3324.05,3324.05,859.48
1411,877,13,1,2999,0,2999,2999,1112.46
1412,878,9,1,17999,20,14399.2,14399.2,3769.84
1413,878,6,2,1299,0,1299,2598,1059.88
1414,878,12,1,1199,0,1199,1199,346.37
1415,879,28,2,1899,0,1899,3798,1581.04
1416,880,13,1,2999,0,2999,2999,1112.46
1417,881,20,1,32000,15,27200,27200,8709.11
1418,881,19,1,18999,20,15199.2,15199.2,2237.61
1419,882,6,1,1299,0,1299,1299,529.94
1420,882,24,1,2199,5,2089.05,2089.05,664.35
1421,883,28,2,1899,20,1519.2,3038.4,821.44
1422,883,10,1,2499,20,1999.2,1999.2,423.57
1423,884,6,2,1299,0,1299,2598,1059.88
1424,885,10,1,2499,5,2374.05,2374.05,798.42
1425,885,12,1,1199,0,1199,1199,346.37
1426,886,31,1,599,0,599,599,244.82
1427,887,13,3,2999,0,2999,8997,3337.38
1428,887,10,1,2499,10,2249.1,2249.1,673.47
1429,888,24,1,2199,5,2089.05,2089.05,664.35
1430,888,32,3,349,15,296.65,889.95,190.02
1431,889,32,1,349,10,314.1,314.1,80.79
1432,890,3,3,55000,0,55000,165000,47398.14
1433,891,11,1,799,5,759.05,759.05,304.06
1434,892,23,1,21000,15,17850,17850,2983.87
1435,892,33,1,299,5,284.05,284.05,104.27
1436,892,32,2,349,0,349,698,231.38
1437,892,24,1,2199,20,1759.2,1759.2,334.5
1438,893,2,1,14999,15,12749.15,12749.15,4324.73
1439,894,10,1,2499,5,2374.05,2374.05,798.42
1440,895,10,1,2499,15,2124.15,2124.15,548.52
1441,895,17,2,7999,0,7999,15998,4578.06
1442,895,16,1,3499,0,3499,3499,1214.15
1443,896,25,2,3499,0,3499,6998,2068.86
1444,896,26,1,5999,0,5999,5999,2316.8
1445,897,11,1,799,10,719.1,719.1,264.11
1446,897,28,3,1899,15,1614.15,4842.45,1517.01
1447,897,17,2,7999,10,7199.1,14398.2,2978.26
1448,898,27,2,1499,15,1274.15,2548.3,419.58
1449,899,7,1,3499,0,3499,3499,1075.35
1450,899,23,3,21000,5,19950,59850,15251.61
1451,899,10,1,2499,0,2499,2499,923.37
1452,900,32,2,349,5,331.55,663.1,196.48
1453,900,1,1,18999,15,16149.15,16149.15,4975.5
1454,900,7,1,3499,5,3324.05,3324.05,900.4
1455,900,5,1,22000,0,22000,22000,9783.95
1456,901,9,1,17999,0,17999,17999,7369.64
1457,902,8,1,12999,0,12999,12999,4476.5
1458,902,29,1,14999,0,14999,14999,5239.8
1459,903,12,2,1199,0,1199,2398,692.74
1460,904,27,1,1499,10,1349.1,1349.1,284.74
1461,905,11,1,799,0,799,799,344.01
1462,906,18,1,24999,0,24999,24999,8196.65
1463,907,31,1,599,0,599,599,244.82
1464,907,32,1,349,0,349,349,115.69
1465,908,1,1,18999,10,17099.1,17099.1,5925.45
1466,908,3,2,55000,5,52250,104500,26098.76
1467,909,18,1,24999,0,24999,24999,8196.65
1468,909,32,1,349,0,349,349,115.69
1469,910,22,3,8999,20,7199.2,21597.6,4093.38
1470,911,24,1,2199,5,2089.05,2089.05,664.35
1471,912,23,2,21000,0,21000,42000,12267.74
1472,912,22,1,8999,15,7649.15,7649.15,1814.41
1473,913,9,1,17999,0,17999,17999,7369.64
1474,914,18,1,24999,15,21249.15,21249.15,4446.8
1475,914,16,1,3499,5,3324.05,3324.05,1039.2
1476,914,24,1,2199,15,1869.15,1869.15,444.45
1477,915,21,1,4999,0,4999,4999,1985.22
1478,916,21,1,4999,5,4749.05,4749.05,1735.27
1479,916,29,2,14999,20,11999.2,23998.4,4480
1480,916,15,1,1399,5,1329.05,1329.05,471.87
1481,917,31,1,599,0,599,599,244.82
1482,917,7,2,3499,20,2799.2,5598.4,751.1
1483,917,25,1,3499,10,3149.1,3149.1,684.53
1484,918,33,1,299,20,239.2,239.2,59.42
1485,918,3,1,55000,20,44000,44000,4799.38
1486,919,30,2,175,0,175,350,108.08
1487,919,11,1,799,10,719.1,719.1,264.11
1488,920,14,1,699,15,594.15,594.15,179.25
1489,921,7,3,3499,0,3499,10497,3226.05
1490,921,28,1,1899,0,1899,1899,790.52
1491,922,18,1,24999,15,21249.15,21249.15,4446.8
1492,922,15,1,1399,0,1399,1399,541.82
1493,922,17,3,7999,15,6799.15,20397.45,3267.54
1494,923,6,2,1299,10,1169.1,2338.2,800.08
1495,923,22,2,8999,10,8099.1,16198.2,4528.72
1496,924,5,1,22000,5,20900,20900,8683.95
1497,925,25,1,3499,20,2799.2,2799.2,334.63
1498,926,28,1,1899,0,1899,1899,790.52
1499,926,15,1,1399,0,1399,1399,541.82
1500,927,13,2,2999,0,2999,5998,2224.92
1501,928,9,3,17999,10,16199.1,48597.3,16709.22
1502,928,21,2,4999,0,4999,9998,3970.44
1503,929,35,1,299,5,284.05,284.05,78.66
1504,930,21,1,4999,10,4499.1,4499.1,1485.32
1505,930,24,1,2199,5,2089.05,2089.05,664.35
1506,930,9,1,17999,20,14399.2,14399.2,3769.84
1507,930,34,1,249,0,249,249,83.09
1508,931,19,1,18999,0,18999,18999,6037.41
1509,931,15,1,1399,0,1399,1399,541.82
1510,931,32,2,349,20,279.2,558.4,91.78
1511,932,3,1,55000,15,46750,46750,7549.38
1512,932,21,1,4999,20,3999.2,3999.2,985.42
1513,932,20,2,32000,5,30400,60800,23818.22
1514,933,14,1,699,5,664.05,664.05,249.15
1515,933,32,1,349,20,279.2,279.2,45.89
1516,934,14,2,699,20,559.2,1118.4,288.6
1517,935,4,3,42000,20,33600,100800,30637.68
1518,936,32,2,349,0,349,698,231.38
1519,937,11,1,799,5,759.05,759.05,304.06
1520,937,2,3,14999,20,11999.2,35997.6,10724.34
1521,937,26,1,5999,0,5999,5999,2316.8
1522,937,22,1,8999,0,8999,8999,3164.26
1523,938,13,2,2999,10,2699.1,5398.2,1625.12
1524,939,9,1,17999,20,14399.2,14399.2,3769.84
1525,940,4,1,42000,0,42000,42000,18612.56
1526,940,20,1,32000,5,30400,30400,11909.11
1527,941,19,1,18999,20,15199.2,15199.2,2237.61
1528,941,10,2,2499,15,2124.15,4248.3,1097.04
1529,942,24,1,2199,20,1759.2,1759.2,334.5
1530,942,7,1,3499,5,3324.05,3324.05,900.4
1531,943,11,1,799,5,759.05,759.05,304.06
1532,943,4,1,42000,0,42000,42000,18612.56
1533,944,33,1,299,10,269.1,269.1,89.32
1534,945,10,1,2499,5,2374.05,2374.05,798.42
1535,946,8,1,12999,5,12349.05,12349.05,3826.55
1536,947,12,1,1199,5,1139.05,1139.05,286.42
1537,948,6,2,1299,15,1104.15,2208.3,670.18
1538,948,30,1,175,15,148.75,148.75,27.79
1539,949,24,1,2199,0,2199,2199,774.3
1540,949,1,1,18999,15,16149.15,16149.15,4975.5
1541,950,33,1,299,10,269.1,269.1,89.32
1542,950,15,3,1399,5,1329.05,3987.15,1415.61
1543,951,18,1,24999,0,24999,24999,8196.65
1544,952,12,1,1199,15,1019.15,1019.15,166.52
1545,952,25,2,3499,0,3499,6998,2068.86
1546,953,7,1,3499,20,2799.2,2799.2,375.55
1547,953,21,2,4999,0,4999,9998,3970.44
1548,954,2,1,14999,20,11999.2,11999.2,3574.78
1549,955,34,1,249,20,199.2,199.2,33.29
1550,955,32,1,349,15,296.65,296.65,63.34
1551,956,8,2,12999,15,11049.15,22098.3,5053.3
1552,956,14,1,699,10,629.1,629.1,214.2
1553,956,12,1,1199,0,1199,1199,346.37
1554,957,9,1,17999,15,15299.15,15299.15,4669.79
1555,958,17,2,7999,0,7999,15998,4578.06
1556,959,8,1,12999,0,12999,12999,4476.5
1557,960,11,1,799,10,719.1,719.1,264.11
1558,960,28,3,1899,0,1899,5697,2371.56
1559,960,1,1,18999,5,18049.05,18049.05,6875.4
1560,960,16,1,3499,5,3324.05,3324.05,1039.2
1561,961,34,1,249,10,224.1,224.1,58.19
1562,961,23,1,21000,0,21000,21000,6133.87
1563,962,3,1,55000,0,55000,55000,15799.38
1564,962,16,1,3499,20,2799.2,2799.2,514.35
1565,963,9,1,17999,0,17999,17999,7369.64
1566,964,18,2,24999,5,23749.05,47498.1,13893.4
1567,964,9,1,17999,0,17999,17999,7369.64
1568,965,11,1,799,0,799,799,344.01
1569,966,17,1,7999,15,6799.15,6799.15,1089.18
1570,967,14,1,699,15,594.15,594.15,179.25
1571,968,13,2,2999,10,2699.1,5398.2,1625.12
1572,969,33,1,299,0,299,299,119.22
1573,969,11,1,799,20,639.2,639.2,184.21
1574,970,2,3,14999,0,14999,44997,19723.74
1575,971,8,1,12999,15,11049.15,11049.15,2526.65
1576,972,5,1,22000,0,22000,22000,9783.95
1577,972,22,3,8999,20,7199.2,21597.6,4093.38
1578,973,15,1,1399,0,1399,1399,541.82
1579,974,15,1,1399,0,1399,1399,541.82
1580,975,8,1,12999,0,12999,12999,4476.5
1581,975,12,1,1199,20,959.2,959.2,106.57
1582,976,34,1,249,10,224.1,224.1,58.19
1583,977,18,1,24999,20,19999.2,19999.2,3196.85
1584,977,7,1,3499,0,3499,3499,1075.35
1585,977,4,2,42000,15,35700,71400,24625.12
1586,978,35,1,299,15,254.15,254.15,48.76
1587,978,26,1,5999,0,5999,5999,2316.8
1588,978,31,1,599,0,599,599,244.82
1589,978,9,1,17999,15,15299.15,15299.15,4669.79
1590,979,18,1,24999,15,21249.15,21249.15,4446.8
1591,980,24,1,2199,5,2089.05,2089.05,664.35
1592,980,16,2,3499,0,3499,6998,2428.3
1593,981,23,2,21000,10,18900,37800,8067.74
1594,982,28,1,1899,15,1614.15,1614.15,505.67
1595,983,15,3,1399,5,1329.05,3987.15,1415.61
1596,983,20,2,32000,20,25600,51200,14218.22
1597,983,6,1,1299,0,1299,1299,529.94
1598,984,5,2,22000,0,22000,44000,19567.9
1599,985,4,1,42000,0,42000,42000,18612.56
1600,986,32,3,349,5,331.55,994.65,294.72
1601,986,1,1,18999,15,16149.15,16149.15,4975.5
1602,987,32,1,349,15,296.65,296.65,63.34
1603,988,8,1,12999,20,10399.2,10399.2,1876.7
1604,988,26,2,5999,15,5099.15,10198.3,2833.9
1605,988,1,1,18999,10,17099.1,17099.1,5925.45
1606,989,16,1,3499,0,3499,3499,1214.15
1607,989,34,1,249,0,249,249,83.09
1608,990,34,1,249,0,249,249,83.09
1609,990,15,2,1399,10,1259.1,2518.2,803.84
1610,991,4,1,42000,5,39900,39900,16512.56
1611,992,8,1,12999,15,11049.15,11049.15,2526.65
1612,993,35,2,299,20,239.2,478.4,67.62
1613,994,20,1,32000,0,32000,32000,13509.11
1614,995,26,1,5999,0,5999,5999,2316.8
1615,996,33,2,299,20,239.2,478.4,118.84
1616,996,3,1,55000,0,55000,55000,15799.38
1617,996,30,1,175,5,166.25,166.25,45.29
1618,997,23,1,21000,0,21000,21000,6133.87
1619,998,12,1,1199,5,1139.05,1139.05,286.42
1620,998,26,1,5999,0,5999,5999,2316.8
1621,998,23,1,21000,0,21000,21000,6133.87
1622,999,32,1,349,20,279.2,279.2,45.89
1623,1000,15,1,1399,0,1399,1399,541.82
1624,1000,31,1,599,0,599,599,244.82
