order_id,customer_id,order_date,status,payment_mode,shipping_city,shipping_state
1,145,1/22/2023,Processing,Cash on Delivery,Lucknow,Uttar Pradesh
2,110,12/5/2023,Processing,Credit Card,Hyderabad,Telangana
3,130,11/28/2023,Processing,Credit Card,Hyderabad,Telangana
4,108,9/8/2023,Delivered,Net Banking,Indore,Madhya Pradesh
5,93,11/22/2023,Returned,EMI,Lucknow,Uttar Pradesh
6,40,8/11/2023,Delivered,EMI,Jaipur,Rajasthan
7,134,11/30/2023,Shipped,Cash on Delivery,Bhopal,Madhya Pradesh
8,138,9/5/2023,Returned,Net Banking,Delhi,Delhi
9,188,10/31/2023,Shipped,UPI,Ahmedabad,Gujarat
10,63,2/14/2023,Shipped,Net Banking,Indore,Madhya Pradesh
11,63,8/26/2023,Cancelled,UPI,Indore,Madhya Pradesh
12,8,9/11/2023,Processing,Debit Card,Chennai,Tamil Nadu
13,125,4/19/2023,Processing,UPI,Nagpur,Maharashtra
14,88,5/24/2023,Shipped,Cash on Delivery,Bangalore,Karnataka
15,3,9/22/2023,Delivered,Credit Card,Delhi,Delhi
16,62,7/28/2023,Returned,Cash on Delivery,Lucknow,Uttar Pradesh
17,195,5/4/2023,Returned,EMI,Bangalore,Karnataka
18,183,9/9/2023,Returned,Credit Card,Kolkata,West Bengal
19,24,5/31/2023,Delivered,Net Banking,Indore,Madhya Pradesh
20,178,5/5/2023,Shipped,EMI,Nagpur,Maharashtra
21,149,7/8/2023,Returned,Cash on Delivery,Hyderabad,Telangana
22,136,6/26/2023,Cancelled,EMI,Pune,Maharashtra
23,141,6/19/2023,Processing,EMI,Hyderabad,Telangana
24,117,5/19/2023,Shipped,UPI,Jaipur,Rajasthan
25,60,3/3/2023,Delivered,UPI,Hyderabad,Telangana
26,31,10/2/2023,Delivered,Debit Card,Nagpur,Maharashtra
27,56,9/5/2023,Shipped,EMI,Chandigarh,Punjab
28,151,9/26/2023,Shipped,Credit Card,Chennai,Tamil Nadu
29,50,6/1/2023,Delivered,UPI,Delhi,Delhi
30,46,6/4/2023,Delivered,EMI,Chandigarh,Punjab
31,137,3/6/2023,Shipped,Credit Card,Bangalore,Karnataka
32,14,10/11/2023,Shipped,EMI,Jaipur,Rajasthan
33,33,11/23/2023,Returned,Credit Card,Jaipur,Rajasthan
34,4,10/21/2023,Shipped,Net Banking,Mumbai,Maharashtra
35,123,8/14/2023,Processing,Debit Card,Lucknow,Uttar Pradesh
36,14,5/10/2023,Returned,Credit Card,Jaipur,Rajasthan
37,17,7/25/2023,Returned,Credit Card,Indore,Madhya Pradesh
38,148,11/19/2023,Delivered,Debit Card,Indore,Madhya Pradesh
39,39,10/16/2023,Shipped,Credit Card,Lucknow,Uttar Pradesh
40,64,3/2/2023,Cancelled,Cash on Delivery,Delhi,Delhi
41,153,11/13/2023,Delivered,Cash on Delivery,Bhopal,Madhya Pradesh
42,98,8/19/2023,Returned,UPI,Pune,Maharashtra
43,151,8/8/2023,Shipped,Cash on Delivery,Chennai,Tamil Nadu
44,159,1/31/2023,Delivered,Debit Card,Hyderabad,Telangana
45,161,4/19/2023,Shipped,EMI,Chandigarh,Punjab
46,21,3/22/2023,Delivered,Debit Card,Bangalore,Karnataka
47,142,2/8/2023,Delivered,Credit Card,Mumbai,Maharashtra
48,105,8/19/2023,Returned,UPI,Mumbai,Maharashtra
49,9,4/29/2023,Shipped,EMI,Indore,Madhya Pradesh
50,73,12/26/2023,Returned,Credit Card,Bhopal,Madhya Pradesh
51,176,4/30/2023,Shipped,EMI,Ahmedabad,Gujarat
52,151,12/5/2023,Delivered,Net Banking,Chennai,Tamil Nadu
53,30,10/6/2023,Delivered,EMI,Hyderabad,Telangana
54,39,5/17/2023,Delivered,Credit Card,Lucknow,Uttar Pradesh
55,16,3/26/2023,Shipped,Cash on Delivery,Nagpur,Maharashtra
56,192,10/19/2023,Shipped,Net Banking,Nagpur,Maharashtra
57,32,8/28/2023,Shipped,EMI,Chennai,Tamil Nadu
58,104,5/20/2023,Returned,Net Banking,Indore,Madhya Pradesh
59,21,11/3/2023,Delivered,Net Banking,Bangalore,Karnataka
60,189,6/15/2023,Shipped,Credit Card,Ahmedabad,Gujarat
61,24,4/28/2023,Delivered,EMI,Indore,Madhya Pradesh
62,69,10/23/2023,Delivered,Debit Card,Hyderabad,Telangana
63,121,9/23/2023,Returned,UPI,Hyderabad,Telangana
64,47,10/27/2023,Cancelled,EMI,Hyderabad,Telangana
65,126,2/16/2023,Returned,UPI,Indore,Madhya Pradesh
66,105,6/20/2023,Processing,EMI,Mumbai,Maharashtra
67,27,3/24/2023,Processing,Net Banking,Hyderabad,Telangana
68,178,9/11/2023,Shipped,EMI,Nagpur,Maharashtra
69,103,10/9/2023,Delivered,Net Banking,Bangalore,Karnataka
70,23,6/11/2023,Shipped,UPI,Lucknow,Uttar Pradesh
71,30,7/26/2023,Delivered,EMI,Hyderabad,Telangana
72,139,8/25/2023,Cancelled,Credit Card,Indore,Madhya Pradesh
73,49,9/23/2023,Processing,Cash on Delivery,Lucknow,Uttar Pradesh
74,194,9/13/2023,Returned,Credit Card,Surat,Gujarat
75,53,5/17/2023,Delivered,UPI,Chandigarh,Punjab
76,113,12/24/2023,Returned,Credit Card,Mumbai,Maharashtra
77,8,11/19/2023,Delivered,EMI,Chennai,Tamil Nadu
78,41,6/9/2023,Delivered,Cash on Delivery,Surat,Gujarat
79,105,2/17/2023,Delivered,Credit Card,Mumbai,Maharashtra
80,119,3/2/2023,Delivered,Net Banking,Bangalore,Karnataka
81,184,5/30/2023,Shipped,Net Banking,Chandigarh,Punjab
82,124,8/30/2023,Delivered,Net Banking,Chandigarh,Punjab
83,142,3/16/2023,Cancelled,Debit Card,Mumbai,Maharashtra
84,154,9/18/2023,Delivered,Credit Card,Ahmedabad,Gujarat
85,71,8/1/2023,Processing,Cash on Delivery,Chandigarh,Punjab
86,69,1/2/2023,Shipped,EMI,Hyderabad,Telangana
87,77,10/28/2023,Returned,Debit Card,Delhi,Delhi
88,115,10/3/2023,Returned,UPI,Jaipur,Rajasthan
89,86,10/10/2023,Cancelled,Net Banking,Mumbai,Maharashtra
90,83,4/7/2023,Delivered,Cash on Delivery,Indore,Madhya Pradesh
91,99,4/30/2023,Cancelled,Credit Card,Lucknow,Uttar Pradesh
92,82,8/31/2023,Cancelled,Net Banking,Chennai,Tamil Nadu
93,170,11/30/2023,Delivered,Net Banking,Jaipur,Rajasthan
94,10,3/6/2023,Processing,Credit Card,Bangalore,Karnataka
95,113,2/21/2023,Returned,Credit Card,Mumbai,Maharashtra
96,185,3/15/2023,Cancelled,EMI,Mumbai,Maharashtra
97,40,2/8/2023,Returned,UPI,Jaipur,Rajasthan
98,87,11/16/2023,Cancelled,EMI,Lucknow,Uttar Pradesh
99,21,6/18/2023,Cancelled,UPI,Bangalore,Karnataka
100,161,9/7/2023,Delivered,Cash on Delivery,Chandigarh,Punjab
101,18,5/1/2023,Shipped,Debit Card,Bhopal,Madhya Pradesh
102,192,2/16/2023,Cancelled,Credit Card,Nagpur,Maharashtra
103,195,11/21/2023,Delivered,Net Banking,Bangalore,Karnataka
104,43,12/22/2023,Shipped,Credit Card,Chennai,Tamil Nadu
105,12,6/16/2023,Delivered,UPI,Pune,Maharashtra
106,92,7/11/2023,Cancelled,Debit Card,Hyderabad,Telangana
107,63,9/29/2023,Cancelled,Cash on Delivery,Indore,Madhya Pradesh
108,175,4/3/2023,Delivered,Debit Card,Ahmedabad,Gujarat
109,21,11/9/2023,Cancelled,Cash on Delivery,Bangalore,Karnataka
110,175,5/4/2023,Returned,Cash on Delivery,Ahmedabad,Gujarat
111,37,4/29/2023,Returned,EMI,Bangalore,Karnataka
112,66,8/24/2023,Shipped,EMI,Surat,Gujarat
113,3,8/27/2023,Shipped,EMI,Delhi,Delhi
114,140,3/22/2023,Delivered,Net Banking,Jaipur,Rajasthan
115,89,10/28/2023,Shipped,EMI,Chandigarh,Punjab
116,109,12/20/2023,Shipped,Net Banking,Chennai,Tamil Nadu
117,78,4/12/2023,Cancelled,Net Banking,Chandigarh,Punjab
118,28,5/2/2023,Cancelled,Cash on Delivery,Kolkata,West Bengal
119,92,10/22/2023,Shipped,EMI,Hyderabad,Telangana
120,76,1/12/2023,Cancelled,UPI,Hyderabad,Telangana
121,3,10/17/2023,Delivered,Cash on Delivery,Delhi,Delhi
122,191,9/12/2023,Shipped,Debit Card,Indore,Madhya Pradesh
123,156,6/30/2023,Delivered,EMI,Surat,Gujarat
124,49,11/14/2023,Shipped,EMI,Lucknow,Uttar Pradesh
125,194,12/4/2023,Delivered,EMI,Surat,Gujarat
126,25,11/18/2023,Delivered,UPI,Kolkata,West Bengal
127,113,1/18/2023,Processing,EMI,Mumbai,Maharashtra
128,34,2/16/2023,Shipped,UPI,Kolkata,West Bengal
129,192,8/1/2023,Delivered,Debit Card,Nagpur,Maharashtra
130,34,10/4/2023,Processing,Cash on Delivery,Kolkata,West Bengal
131,129,5/20/2023,Delivered,UPI,Kolkata,West Bengal
132,124,6/1/2023,Processing,Credit Card,Chandigarh,Punjab
133,120,2/8/2023,Delivered,Debit Card,Nagpur,Maharashtra
134,174,12/12/2023,Cancelled,Cash on Delivery,Chandigarh,Punjab
135,94,2/16/2023,Cancelled,Credit Card,Lucknow,Uttar Pradesh
136,68,10/2/2023,Delivered,Net Banking,Hyderabad,Telangana
137,95,12/11/2023,Shipped,Cash on Delivery,Hyderabad,Telangana
138,98,11/23/2023,Processing,Credit Card,Pune,Maharashtra
139,173,4/30/2023,Returned,Credit Card,Ahmedabad,Gujarat
140,159,10/15/2023,Processing,Cash on Delivery,Hyderabad,Telangana
141,57,11/28/2023,Delivered,EMI,Nagpur,Maharashtra
142,119,12/25/2023,Shipped,EMI,Bangalore,Karnataka
143,105,3/1/2023,Delivered,Credit Card,Mumbai,Maharashtra
144,10,6/5/2023,Returned,Credit Card,Bangalore,Karnataka
145,25,5/1/2023,Delivered,Net Banking,Kolkata,West Bengal
146,117,7/9/2023,Cancelled,Cash on Delivery,Jaipur,Rajasthan
147,191,3/21/2023,Cancelled,EMI,Indore,Madhya Pradesh
148,26,9/8/2023,Cancelled,UPI,Hyderabad,Telangana
149,9,12/20/2023,Processing,Debit Card,Indore,Madhya Pradesh
150,114,8/16/2023,Delivered,UPI,Surat,Gujarat
151,26,12/18/2023,Processing,Cash on Delivery,Hyderabad,Telangana
152,166,7/3/2023,Delivered,Net Banking,Hyderabad,Telangana
153,71,4/8/2023,Delivered,Net Banking,Chandigarh,Punjab
154,24,12/6/2023,Delivered,EMI,Indore,Madhya Pradesh
155,164,11/2/2023,Delivered,Credit Card,Kolkata,West Bengal
156,86,5/5/2023,Delivered,Cash on Delivery,Mumbai,Maharashtra
157,53,2/5/2023,Delivered,Cash on Delivery,Chandigarh,Punjab
158,56,4/30/2023,Processing,Debit Card,Chandigarh,Punjab
159,153,1/2/2023,Shipped,Debit Card,Bhopal,Madhya Pradesh
160,34,10/4/2023,Shipped,Debit Card,Kolkata,West Bengal
161,29,12/5/2023,Delivered,Debit Card,Nagpur,Maharashtra
162,4,7/3/2023,Delivered,Cash on Delivery,Mumbai,Maharashtra
163,83,1/9/2023,Delivered,UPI,Indore,Madhya Pradesh
164,14,3/6/2023,Cancelled,Cash on Delivery,Jaipur,Rajasthan
165,30,2/2/2023,Returned,Net Banking,Hyderabad,Telangana
166,200,7/5/2023,Delivered,Net Banking,Mumbai,Maharashtra
167,129,4/24/2023,Delivered,EMI,Kolkata,West Bengal
168,169,9/24/2023,Shipped,Net Banking,Bhopal,Madhya Pradesh
169,165,1/16/2023,Delivered,Net Banking,Nagpur,Maharashtra
170,103,8/7/2023,Delivered,Net Banking,Bangalore,Karnataka
171,183,8/16/2023,Delivered,Credit Card,Kolkata,West Bengal
172,83,11/8/2023,Delivered,Credit Card,Indore,Madhya Pradesh
173,33,5/21/2023,Processing,Net Banking,Jaipur,Rajasthan
174,153,9/29/2023,Shipped,Net Banking,Bhopal,Madhya Pradesh
175,130,11/6/2023,Cancelled,Credit Card,Hyderabad,Telangana
176,180,2/28/2023,Delivered,Net Banking,Indore,Madhya Pradesh
177,116,4/27/2023,Cancelled,UPI,Mumbai,Maharashtra
178,117,7/24/2023,Cancelled,EMI,Jaipur,Rajasthan
179,25,6/10/2023,Cancelled,UPI,Kolkata,West Bengal
180,171,5/11/2023,Processing,Debit Card,Lucknow,Uttar Pradesh
181,176,8/31/2023,Delivered,Credit Card,Ahmedabad,Gujarat
182,22,2/17/2023,Cancelled,Credit Card,Surat,Gujarat
183,191,7/10/2023,Delivered,Cash on Delivery,Indore,Madhya Pradesh
184,16,10/28/2023,Processing,EMI,Nagpur,Maharashtra
185,32,7/30/2023,Processing,EMI,Chennai,Tamil Nadu
186,193,8/5/2023,Delivered,UPI,Mumbai,Maharashtra
187,154,6/9/2023,Processing,Credit Card,Ahmedabad,Gujarat
188,148,9/17/2023,Delivered,Debit Card,Indore,Madhya Pradesh
189,169,9/4/2023,Delivered,Credit Card,Bhopal,Madhya Pradesh
190,90,10/12/2023,Processing,Credit Card,Delhi,Delhi
191,196,5/23/2023,Delivered,Net Banking,Chennai,Tamil Nadu
192,144,11/15/2023,Delivered,Cash on Delivery,Kolkata,West Bengal
193,169,12/22/2023,Shipped,Credit Card,Bhopal,Madhya Pradesh
194,47,5/20/2023,Shipped,UPI,Hyderabad,Telangana
195,90,1/4/2023,Delivered,Debit Card,Delhi,Delhi
196,145,12/3/2023,Cancelled,Credit Card,Lucknow,Uttar Pradesh
197,37,11/21/2023,Delivered,Credit Card,Bangalore,Karnataka
198,192,9/29/2023,Delivered,Net Banking,Nagpur,Maharashtra
199,108,8/21/2023,Processing,Debit Card,Indore,Madhya Pradesh
200,95,6/9/2023,Processing,Cash on Delivery,Hyderabad,Telangana
201,153,2/13/2023,Delivered,Debit Card,Bhopal,Madhya Pradesh
202,41,11/13/2023,Delivered,EMI,Surat,Gujarat
203,21,5/20/2023,Returned,EMI,Bangalore,Karnataka
204,109,9/6/2023,Returned,Net Banking,Chennai,Tamil Nadu
205,70,4/21/2023,Delivered,UPI,Pune,Maharashtra
206,111,2/26/2023,Shipped,EMI,Jaipur,Rajasthan
207,174,10/31/2023,Returned,Cash on Delivery,Chandigarh,Punjab
208,171,6/7/2023,Delivered,Debit Card,Lucknow,Uttar Pradesh
209,102,11/3/2023,Delivered,Credit Card,Nagpur,Maharashtra
210,53,6/4/2023,Delivered,Debit Card,Chandigarh,Punjab
211,196,5/11/2023,Shipped,UPI,Chennai,Tamil Nadu
212,31,1/4/2023,Returned,EMI,Nagpur,Maharashtra
213,111,3/31/2023,Delivered,Net Banking,Jaipur,Rajasthan
214,137,12/27/2023,Delivered,Cash on Delivery,Bangalore,Karnataka
215,144,12/9/2023,Processing,Credit Card,Kolkata,West Bengal
216,102,1/22/2023,Cancelled,Credit Card,Nagpur,Maharashtra
217,118,2/9/2023,Processing,Cash on Delivery,Lucknow,Uttar Pradesh
218,110,10/21/2023,Cancelled,EMI,Hyderabad,Telangana
219,164,8/2/2023,Shipped,Credit Card,Kolkata,West Bengal
220,104,1/11/2023,Processing,Debit Card,Indore,Madhya Pradesh
221,159,8/24/2023,Processing,Credit Card,Hyderabad,Telangana
222,112,2/24/2023,Delivered,Net Banking,Delhi,Delhi
223,151,7/25/2023,Delivered,Net Banking,Chennai,Tamil Nadu
224,80,6/23/2023,Delivered,UPI,Hyderabad,Telangana
225,200,3/28/2023,Delivered,Cash on Delivery,Mumbai,Maharashtra
226,163,2/28/2023,Delivered,UPI,Indore,Madhya Pradesh
227,90,11/27/2023,Delivered,Debit Card,Delhi,Delhi
228,27,3/16/2023,Shipped,Debit Card,Hyderabad,Telangana
229,45,11/5/2023,Delivered,EMI,Jaipur,Rajasthan
230,20,4/1/2023,Returned,Net Banking,Ahmedabad,Gujarat
231,194,10/16/2023,Returned,EMI,Surat,Gujarat
232,145,11/26/2023,Processing,EMI,Lucknow,Uttar Pradesh
233,81,3/19/2023,Returned,Credit Card,Bangalore,Karnataka
234,121,8/15/2023,Shipped,UPI,Hyderabad,Telangana
235,152,1/29/2023,Processing,Cash on Delivery,Chennai,Tamil Nadu
236,19,6/8/2023,Returned,Net Banking,Chandigarh,Punjab
237,10,1/30/2023,Processing,UPI,Bangalore,Karnataka
238,20,11/27/2023,Delivered,Cash on Delivery,Ahmedabad,Gujarat
239,153,9/17/2023,Cancelled,Net Banking,Bhopal,Madhya Pradesh
240,149,10/11/2023,Delivered,Net Banking,Hyderabad,Telangana
241,147,11/30/2023,Delivered,UPI,Surat,Gujarat
242,155,9/1/2023,Delivered,Credit Card,Jaipur,Rajasthan
243,116,2/22/2023,Processing,EMI,Mumbai,Maharashtra
244,22,9/16/2023,Delivered,Credit Card,Surat,Gujarat
245,64,12/29/2023,Returned,Net Banking,Delhi,Delhi
246,135,9/25/2023,Delivered,UPI,Kolkata,West Bengal
247,96,5/25/2023,Cancelled,Net Banking,Hyderabad,Telangana
248,199,6/23/2023,Delivered,EMI,Ahmedabad,Gujarat
249,166,6/21/2023,Delivered,UPI,Hyderabad,Telangana
250,25,10/13/2023,Cancelled,UPI,Kolkata,West Bengal
251,65,12/3/2023,Delivered,UPI,Delhi,Delhi
252,21,10/26/2023,Delivered,UPI,Bangalore,Karnataka
253,80,12/2/2023,Cancelled,Debit Card,Hyderabad,Telangana
254,153,12/29/2023,Delivered,UPI,Bhopal,Madhya Pradesh
255,144,7/12/2023,Processing,Debit Card,Kolkata,West Bengal
256,172,12/26/2023,Delivered,EMI,Ahmedabad,Gujarat
257,172,8/5/2023,Processing,Credit Card,Ahmedabad,Gujarat
258,93,6/8/2023,Delivered,Debit Card,Lucknow,Uttar Pradesh
259,88,9/6/2023,Delivered,Debit Card,Bangalore,Karnataka
260,36,3/21/2023,Delivered,UPI,Delhi,Delhi
261,26,9/17/2023,Delivered,EMI,Hyderabad,Telangana
262,87,11/13/2023,Delivered,Cash on Delivery,Lucknow,Uttar Pradesh
263,97,3/20/2023,Delivered,Debit Card,Surat,Gujarat
264,178,11/16/2023,Delivered,EMI,Nagpur,Maharashtra
265,113,1/23/2023,Cancelled,UPI,Mumbai,Maharashtra
266,174,5/2/2023,Returned,Cash on Delivery,Chandigarh,Punjab
267,73,8/18/2023,Delivered,Cash on Delivery,Bhopal,Madhya Pradesh
268,62,6/8/2023,Returned,Debit Card,Lucknow,Uttar Pradesh
269,95,12/14/2023,Returned,Net Banking,Hyderabad,Telangana
270,197,5/25/2023,Cancelled,Cash on Delivery,Ahmedabad,Gujarat
271,136,8/3/2023,Delivered,Debit Card,Pune,Maharashtra
272,155,3/12/2023,Shipped,Credit Card,Jaipur,Rajasthan
273,165,9/4/2023,Processing,Cash on Delivery,Nagpur,Maharashtra
274,27,12/31/2023,Delivered,UPI,Hyderabad,Telangana
275,22,3/24/2023,Shipped,Net Banking,Surat,Gujarat
276,132,3/17/2023,Cancelled,Credit Card,Hyderabad,Telangana
277,57,8/19/2023,Processing,Credit Card,Nagpur,Maharashtra
278,107,1/28/2023,Cancelled,Cash on Delivery,Chennai,Tamil Nadu
279,96,5/1/2023,Cancelled,Credit Card,Hyderabad,Telangana
280,96,4/25/2023,Delivered,UPI,Hyderabad,Telangana
281,26,11/29/2023,Processing,Debit Card,Hyderabad,Telangana
282,36,1/20/2023,Shipped,Net Banking,Delhi,Delhi
283,179,3/13/2023,Returned,Net Banking,Bangalore,Karnataka
284,158,1/3/2023,Delivered,Credit Card,Delhi,Delhi
285,66,4/21/2023,Delivered,Cash on Delivery,Surat,Gujarat
286,187,11/8/2023,Cancelled,Credit Card,Bhopal,Madhya Pradesh
287,199,5/28/2023,Delivered,UPI,Ahmedabad,Gujarat
288,32,1/25/2023,Delivered,Net Banking,Chennai,Tamil Nadu
289,164,11/15/2023,Returned,Credit Card,Kolkata,West Bengal
290,29,9/13/2023,Delivered,EMI,Nagpur,Maharashtra
291,132,10/22/2023,Delivered,EMI,Hyderabad,Telangana
292,37,5/30/2023,Cancelled,Credit Card,Bangalore,Karnataka
293,158,6/30/2023,Delivered,Cash on Delivery,Delhi,Delhi
294,107,4/6/2023,Delivered,Cash on Delivery,Chennai,Tamil Nadu
295,93,2/4/2023,Delivered,Net Banking,Lucknow,Uttar Pradesh
296,121,1/23/2023,Cancelled,UPI,Hyderabad,Telangana
297,65,1/9/2023,Processing,Credit Card,Delhi,Delhi
298,89,5/4/2023,Delivered,Cash on Delivery,Chandigarh,Punjab
299,189,6/20/2023,Delivered,Credit Card,Ahmedabad,Gujarat
300,91,10/7/2023,Processing,EMI,Kolkata,West Bengal
301,45,12/17/2023,Returned,EMI,Jaipur,Rajasthan
302,123,11/20/2023,Delivered,Debit Card,Lucknow,Uttar Pradesh
303,17,8/23/2023,Delivered,UPI,Indore,Madhya Pradesh
304,52,1/23/2023,Delivered,Credit Card,Delhi,Delhi
305,81,6/8/2023,Cancelled,Cash on Delivery,Bangalore,Karnataka
306,122,5/10/2023,Delivered,EMI,Pune,Maharashtra
307,49,5/27/2023,Processing,Credit Card,Lucknow,Uttar Pradesh
308,168,6/19/2023,Shipped,Credit Card,Nagpur,Maharashtra
309,95,8/12/2023,Cancelled,EMI,Hyderabad,Telangana
310,113,7/17/2023,Processing,Debit Card,Mumbai,Maharashtra
311,128,12/21/2023,Returned,UPI,Chennai,Tamil Nadu
312,133,5/17/2023,Delivered,EMI,Kolkata,West Bengal
313,109,2/10/2023,Cancelled,Cash on Delivery,Chennai,Tamil Nadu
314,47,10/7/2023,Shipped,UPI,Hyderabad,Telangana
315,27,2/10/2023,Processing,EMI,Hyderabad,Telangana
316,76,6/6/2023,Returned,Cash on Delivery,Hyderabad,Telangana
317,184,8/7/2023,Delivered,EMI,Chandigarh,Punjab
318,114,6/29/2023,Returned,Credit Card,Surat,Gujarat
319,187,6/30/2023,Cancelled,UPI,Bhopal,Madhya Pradesh
320,164,1/30/2023,Delivered,EMI,Kolkata,West Bengal
321,164,7/27/2023,Processing,Cash on Delivery,Kolkata,West Bengal
322,192,12/14/2023,Delivered,Credit Card,Nagpur,Maharashtra
323,37,11/8/2023,Returned,Credit Card,Bangalore,Karnataka
324,33,2/4/2023,Delivered,EMI,Jaipur,Rajasthan
325,94,7/5/2023,Cancelled,Cash on Delivery,Lucknow,Uttar Pradesh
326,9,11/6/2023,Delivered,EMI,Indore,Madhya Pradesh
327,116,7/9/2023,Processing,Net Banking,Mumbai,Maharashtra
328,196,2/9/2023,Delivered,Cash on Delivery,Chennai,Tamil Nadu
329,94,7/23/2023,Processing,EMI,Lucknow,Uttar Pradesh
330,72,5/8/2023,Delivered,Credit Card,Mumbai,Maharashtra
331,189,4/6/2023,Returned,Cash on Delivery,Ahmedabad,Gujarat
332,100,10/15/2023,Delivered,UPI,Jaipur,Rajasthan
333,199,5/14/2023,Returned,Debit Card,Ahmedabad,Gujarat
334,157,5/27/2023,Returned,Debit Card,Surat,Gujarat
335,32,3/11/2023,Delivered,Net Banking,Chennai,Tamil Nadu
336,45,8/16/2023,Delivered,EMI,Jaipur,Rajasthan
337,82,12/8/2023,Processing,EMI,Chennai,Tamil Nadu
338,17,10/9/2023,Shipped,UPI,Indore,Madhya Pradesh
339,41,12/31/2023,Delivered,UPI,Surat,Gujarat
340,131,4/25/2023,Delivered,Debit Card,Pune,Maharashtra
341,36,5/2/2023,Returned,Credit Card,Delhi,Delhi
342,93,10/11/2023,Processing,Net Banking,Lucknow,Uttar Pradesh
343,142,3/8/2023,Delivered,Credit Card,Mumbai,Maharashtra
344,80,7/23/2023,Returned,Cash on Delivery,Hyderabad,Telangana
345,106,7/29/2023,Delivered,Debit Card,Chennai,Tamil Nadu
346,82,11/25/2023,Delivered,Net Banking,Chennai,Tamil Nadu
347,120,12/15/2023,Processing,Debit Card,Nagpur,Maharashtra
348,200,10/10/2023,Delivered,Debit Card,Mumbai,Maharashtra
349,111,9/15/2023,Delivered,Credit Card,Jaipur,Rajasthan
350,133,3/20/2023,Shipped,Debit Card,Kolkata,West Bengal
351,42,6/15/2023,Delivered,UPI,Bhopal,Madhya Pradesh
352,133,5/26/2023,Delivered,UPI,Kolkata,West Bengal
353,51,11/22/2023,Shipped,Debit Card,Hyderabad,Telangana
354,161,6/5/2023,Delivered,Cash on Delivery,Chandigarh,Punjab
355,165,3/28/2023,Delivered,Debit Card,Nagpur,Maharashtra
356,169,11/16/2023,Processing,Cash on Delivery,Bhopal,Madhya Pradesh
357,11,1/15/2023,Delivered,Credit Card,Delhi,Delhi
358,165,10/23/2023,Shipped,EMI,Nagpur,Maharashtra
359,54,10/20/2023,Cancelled,Cash on Delivery,Bhopal,Madhya Pradesh
360,164,1/16/2023,Returned,EMI,Kolkata,West Bengal
361,140,5/29/2023,Shipped,Net Banking,Jaipur,Rajasthan
362,63,12/17/2023,Cancelled,UPI,Indore,Madhya Pradesh
363,117,2/7/2023,Delivered,Debit Card,Jaipur,Rajasthan
364,113,8/1/2023,Returned,Net Banking,Mumbai,Maharashtra
365,53,6/24/2023,Delivered,UPI,Chandigarh,Punjab
366,184,6/13/2023,Processing,Net Banking,Chandigarh,Punjab
367,34,7/9/2023,Delivered,UPI,Kolkata,West Bengal
368,62,8/27/2023,Delivered,UPI,Lucknow,Uttar Pradesh
369,116,5/7/2023,Delivered,Credit Card,Mumbai,Maharashtra
370,13,5/29/2023,Cancelled,Cash on Delivery,Bhopal,Madhya Pradesh
371,108,5/8/2023,Delivered,UPI,Indore,Madhya Pradesh
372,148,6/10/2023,Delivered,Debit Card,Indore,Madhya Pradesh
373,128,9/21/2023,Returned,Net Banking,Chennai,Tamil Nadu
374,79,9/12/2023,Delivered,Credit Card,Bangalore,Karnataka
375,101,9/16/2023,Returned,Debit Card,Bangalore,Karnataka
376,56,10/26/2023,Processing,Credit Card,Chandigarh,Punjab
377,13,5/25/2023,Returned,Cash on Delivery,Bhopal,Madhya Pradesh
378,168,12/11/2023,Returned,UPI,Nagpur,Maharashtra
379,138,1/5/2023,Delivered,Net Banking,Delhi,Delhi
380,35,5/16/2023,Processing,Net Banking,Hyderabad,Telangana
381,94,1/24/2023,Cancelled,Credit Card,Lucknow,Uttar Pradesh
382,146,10/15/2023,Delivered,UPI,Indore,Madhya Pradesh
383,142,5/28/2023,Delivered,Net Banking,Mumbai,Maharashtra
384,130,8/19/2023,Shipped,Cash on Delivery,Hyderabad,Telangana
385,175,11/9/2023,Delivered,Debit Card,Ahmedabad,Gujarat
386,25,7/21/2023,Processing,UPI,Kolkata,West Bengal
387,143,7/7/2023,Delivered,Debit Card,Surat,Gujarat
388,155,9/18/2023,Cancelled,Cash on Delivery,Jaipur,Rajasthan
389,11,1/24/2023,Delivered,Debit Card,Delhi,Delhi
390,183,6/20/2023,Returned,Cash on Delivery,Kolkata,West Bengal
391,117,3/18/2023,Delivered,UPI,Jaipur,Rajasthan
392,157,6/13/2023,Delivered,Net Banking,Surat,Gujarat
393,158,6/3/2023,Processing,Cash on Delivery,Delhi,Delhi
394,131,9/30/2023,Returned,EMI,Pune,Maharashtra
395,145,6/3/2023,Returned,Credit Card,Lucknow,Uttar Pradesh
396,95,6/19/2023,Delivered,Net Banking,Hyderabad,Telangana
397,150,6/7/2023,Delivered,Cash on Delivery,Surat,Gujarat
398,122,5/16/2023,Delivered,EMI,Pune,Maharashtra
399,14,10/26/2023,Returned,Debit Card,Jaipur,Rajasthan
400,135,11/19/2023,Cancelled,Debit Card,Kolkata,West Bengal
401,175,5/5/2023,Delivered,Cash on Delivery,Ahmedabad,Gujarat
402,180,2/26/2023,Delivered,Credit Card,Indore,Madhya Pradesh
403,113,6/10/2023,Cancelled,Debit Card,Mumbai,Maharashtra
404,106,12/20/2023,Delivered,Net Banking,Chennai,Tamil Nadu
405,129,11/10/2023,Returned,EMI,Kolkata,West Bengal
406,187,2/1/2023,Delivered,Cash on Delivery,Bhopal,Madhya Pradesh
407,54,10/15/2023,Processing,EMI,Bhopal,Madhya Pradesh
408,123,9/27/2023,Cancelled,UPI,Lucknow,Uttar Pradesh
409,45,8/24/2023,Processing,Cash on Delivery,Jaipur,Rajasthan
410,91,12/13/2023,Shipped,Cash on Delivery,Kolkata,West Bengal
411,124,4/9/2023,Delivered,UPI,Chandigarh,Punjab
412,143,6/2/2023,Delivered,UPI,Surat,Gujarat
413,198,5/28/2023,Delivered,EMI,Chennai,Tamil Nadu
414,181,9/8/2023,Processing,Net Banking,Kolkata,West Bengal
415,90,10/14/2023,Shipped,UPI,Delhi,Delhi
416,32,10/21/2023,Cancelled,Net Banking,Chennai,Tamil Nadu
417,89,3/16/2023,Shipped,Credit Card,Chandigarh,Punjab
418,74,2/10/2023,Processing,Net Banking,Hyderabad,Telangana
419,168,5/12/2023,Returned,Debit Card,Nagpur,Maharashtra
420,52,10/3/2023,Shipped,Cash on Delivery,Delhi,Delhi
421,179,5/20/2023,Delivered,Credit Card,Bangalore,Karnataka
422,158,10/28/2023,Delivered,Debit Card,Delhi,Delhi
423,13,12/9/2023,Delivered,EMI,Bhopal,Madhya Pradesh
424,60,1/27/2023,Delivered,Net Banking,Hyderabad,Telangana
425,85,8/30/2023,Delivered,EMI,Mumbai,Maharashtra
426,198,3/12/2023,Delivered,Cash on Delivery,Chennai,Tamil Nadu
427,41,7/28/2023,Returned,Net Banking,Surat,Gujarat
428,167,4/13/2023,Shipped,UPI,Ahmedabad,Gujarat
429,74,11/27/2023,Delivered,Credit Card,Hyderabad,Telangana
430,167,10/21/2023,Delivered,Cash on Delivery,Ahmedabad,Gujarat
431,190,1/20/2023,Delivered,Net Banking,Surat,Gujarat
432,46,1/19/2023,Cancelled,Net Banking,Chandigarh,Punjab
433,48,5/29/2023,Delivered,Credit Card,Jaipur,Rajasthan
434,77,10/18/2023,Delivered,UPI,Delhi,Delhi
435,73,8/21/2023,Returned,Debit Card,Bhopal,Madhya Pradesh
436,130,8/28/2023,Shipped,Debit Card,Hyderabad,Telangana
437,29,6/19/2023,Delivered,EMI,Nagpur,Maharashtra
438,118,11/28/2023,Shipped,EMI,Lucknow,Uttar Pradesh
439,48,1/8/2023,Processing,UPI,Jaipur,Rajasthan
440,146,12/12/2023,Delivered,Debit Card,Indore,Madhya Pradesh
441,157,11/24/2023,Cancelled,Net Banking,Surat,Gujarat
442,132,6/17/2023,Delivered,Net Banking,Hyderabad,Telangana
443,172,2/18/2023,Delivered,Debit Card,Ahmedabad,Gujarat
444,123,6/15/2023,Delivered,Credit Card,Lucknow,Uttar Pradesh
445,67,7/16/2023,Delivered,Net Banking,Bangalore,Karnataka
446,193,5/17/2023,Processing,UPI,Mumbai,Maharashtra
447,150,10/21/2023,Delivered,UPI,Surat,Gujarat
448,168,7/4/2023,Delivered,Credit Card,Nagpur,Maharashtra
449,171,3/2/2023,Returned,UPI,Lucknow,Uttar Pradesh
450,41,7/27/2023,Shipped,EMI,Surat,Gujarat
451,31,11/24/2023,Shipped,UPI,Nagpur,Maharashtra
452,158,4/24/2023,Delivered,Debit Card,Delhi,Delhi
453,123,3/20/2023,Returned,EMI,Lucknow,Uttar Pradesh
454,156,7/11/2023,Cancelled,EMI,Surat,Gujarat
455,141,8/30/2023,Delivered,Debit Card,Hyderabad,Telangana
456,175,11/2/2023,Delivered,Cash on Delivery,Ahmedabad,Gujarat
457,115,9/28/2023,Processing,Credit Card,Jaipur,Rajasthan
458,145,2/27/2023,Delivered,Cash on Delivery,Lucknow,Uttar Pradesh
459,130,4/14/2023,Delivered,Debit Card,Hyderabad,Telangana
460,84,9/24/2023,Returned,Credit Card,Bangalore,Karnataka
461,175,4/16/2023,Returned,Credit Card,Ahmedabad,Gujarat
462,131,8/17/2023,Delivered,Net Banking,Pune,Maharashtra
463,34,9/20/2023,Cancelled,Net Banking,Kolkata,West Bengal
464,145,1/30/2023,Returned,EMI,Lucknow,Uttar Pradesh
465,79,1/12/2023,Cancelled,UPI,Bangalore,Karnataka
466,1,4/22/2023,Delivered,Credit Card,Mumbai,Maharashtra
467,109,6/26/2023,Delivered,Cash on Delivery,Chennai,Tamil Nadu
468,16,2/5/2023,Returned,Credit Card,Nagpur,Maharashtra
469,74,7/29/2023,Delivered,Debit Card,Hyderabad,Telangana
470,197,11/25/2023,Cancelled,UPI,Ahmedabad,Gujarat
471,98,8/18/2023,Cancelled,Net Banking,Pune,Maharashtra
472,21,12/16/2023,Delivered,EMI,Bangalore,Karnataka
473,90,3/2/2023,Delivered,Cash on Delivery,Delhi,Delhi
474,101,9/28/2023,Delivered,EMI,Bangalore,Karnataka
475,58,1/2/2023,Delivered,UPI,Indore,Madhya Pradesh
476,119,12/11/2023,Cancelled,Cash on Delivery,Bangalore,Karnataka
477,98,4/28/2023,Delivered,Net Banking,Pune,Maharashtra
478,89,3/21/2023,Shipped,Debit Card,Chandigarh,Punjab
479,186,2/27/2023,Delivered,EMI,Chandigarh,Punjab
480,108,11/11/2023,Delivered,Debit Card,Indore,Madhya Pradesh
481,53,2/4/2023,Delivered,Cash on Delivery,Chandigarh,Punjab
482,9,8/17/2023,Delivered,Debit Card,Indore,Madhya Pradesh
483,190,1/23/2023,Cancelled,Net Banking,Surat,Gujarat
484,60,10/4/2023,Delivered,Credit Card,Hyderabad,Telangana
485,36,9/15/2023,Shipped,Debit Card,Delhi,Delhi
486,188,10/22/2023,Processing,Cash on Delivery,Ahmedabad,Gujarat
487,154,12/11/2023,Processing,Debit Card,Ahmedabad,Gujarat
488,78,3/15/2023,Delivered,Net Banking,Chandigarh,Punjab
489,77,5/21/2023,Delivered,Cash on Delivery,Delhi,Delhi
490,152,3/31/2023,Cancelled,Cash on Delivery,Chennai,Tamil Nadu
491,127,1/25/2023,Processing,EMI,Bhopal,Madhya Pradesh
492,172,7/15/2023,Processing,EMI,Ahmedabad,Gujarat
493,107,7/29/2023,Delivered,UPI,Chennai,Tamil Nadu
494,97,4/5/2023,Returned,Debit Card,Surat,Gujarat
495,58,6/3/2023,Delivered,Net Banking,Indore,Madhya Pradesh
496,15,10/15/2023,Cancelled,Net Banking,Delhi,Delhi
497,143,9/29/2023,Delivered,Net Banking,Surat,Gujarat
498,63,5/11/2023,Delivered,UPI,Indore,Madhya Pradesh
499,166,2/10/2023,Returned,UPI,Hyderabad,Telangana
500,24,10/2/2023,Delivered,Credit Card,Indore,Madhya Pradesh
501,69,7/13/2023,Delivered,Credit Card,Hyderabad,Telangana
502,49,10/28/2023,Delivered,Net Banking,Lucknow,Uttar Pradesh
503,54,6/20/2023,Shipped,Credit Card,Bhopal,Madhya Pradesh
504,55,4/8/2023,Delivered,EMI,Jaipur,Rajasthan
505,194,9/3/2023,Delivered,EMI,Surat,Gujarat
506,155,12/27/2023,Delivered,Net Banking,Jaipur,Rajasthan
507,62,10/10/2023,Processing,UPI,Lucknow,Uttar Pradesh
508,98,8/27/2023,Processing,UPI,Pune,Maharashtra
509,67,7/4/2023,Returned,Net Banking,Bangalore,Karnataka
510,26,8/29/2023,Processing,Debit Card,Hyderabad,Telangana
511,95,6/10/2023,Cancelled,Credit Card,Hyderabad,Telangana
512,145,4/24/2023,Delivered,Credit Card,Lucknow,Uttar Pradesh
513,67,10/11/2023,Cancelled,UPI,Bangalore,Karnataka
514,40,4/11/2023,Processing,Debit Card,Jaipur,Rajasthan
515,98,10/19/2023,Delivered,Net Banking,Pune,Maharashtra
516,141,12/2/2023,Processing,UPI,Hyderabad,Telangana
517,196,9/8/2023,Returned,Net Banking,Chennai,Tamil Nadu
518,44,6/30/2023,Delivered,Debit Card,Mumbai,Maharashtra
519,185,10/7/2023,Returned,Debit Card,Mumbai,Maharashtra
520,139,11/25/2023,Delivered,Cash on Delivery,Indore,Madhya Pradesh
521,9,2/8/2023,Delivered,Credit Card,Indore,Madhya Pradesh
522,106,3/12/2023,Delivered,Credit Card,Chennai,Tamil Nadu
523,182,3/19/2023,Delivered,Debit Card,Kolkata,West Bengal
524,130,8/22/2023,Processing,Credit Card,Hyderabad,Telangana
525,159,11/23/2023,Returned,EMI,Hyderabad,Telangana
526,125,1/9/2023,Delivered,Cash on Delivery,Nagpur,Maharashtra
527,142,7/30/2023,Delivered,Credit Card,Mumbai,Maharashtra
528,136,5/21/2023,Shipped,Credit Card,Pune,Maharashtra
529,129,12/24/2023,Cancelled,Debit Card,Kolkata,West Bengal
530,28,2/19/2023,Delivered,Debit Card,Kolkata,West Bengal
531,50,11/14/2023,Shipped,UPI,Delhi,Delhi
532,69,7/23/2023,Delivered,UPI,Hyderabad,Telangana
533,104,8/24/2023,Delivered,EMI,Indore,Madhya Pradesh
534,58,6/3/2023,Delivered,EMI,Indore,Madhya Pradesh
535,167,1/17/2023,Delivered,Net Banking,Ahmedabad,Gujarat
536,98,7/13/2023,Returned,Credit Card,Pune,Maharashtra
537,164,1/5/2023,Delivered,Credit Card,Kolkata,West Bengal
538,128,8/11/2023,Processing,Cash on Delivery,Chennai,Tamil Nadu
539,25,9/28/2023,Delivered,Debit Card,Kolkata,West Bengal
540,55,12/21/2023,Returned,UPI,Jaipur,Rajasthan
541,12,2/8/2023,Shipped,Cash on Delivery,Pune,Maharashtra
542,145,12/3/2023,Delivered,Debit Card,Lucknow,Uttar Pradesh
543,81,1/9/2023,Delivered,Cash on Delivery,Bangalore,Karnataka
544,37,12/31/2023,Cancelled,Credit Card,Bangalore,Karnataka
545,77,3/25/2023,Delivered,Cash on Delivery,Delhi,Delhi
546,100,12/13/2023,Processing,Net Banking,Jaipur,Rajasthan
547,194,3/13/2023,Delivered,Cash on Delivery,Surat,Gujarat
548,191,6/27/2023,Delivered,Credit Card,Indore,Madhya Pradesh
549,112,4/29/2023,Delivered,UPI,Delhi,Delhi
550,155,11/11/2023,Cancelled,UPI,Jaipur,Rajasthan
551,8,11/21/2023,Shipped,Net Banking,Chennai,Tamil Nadu
552,126,4/27/2023,Processing,Cash on Delivery,Indore,Madhya Pradesh
553,97,8/10/2023,Delivered,EMI,Surat,Gujarat
554,150,12/5/2023,Cancelled,Credit Card,Surat,Gujarat
555,198,11/13/2023,Shipped,Debit Card,Chennai,Tamil Nadu
556,183,2/7/2023,Delivered,UPI,Kolkata,West Bengal
557,40,7/14/2023,Delivered,EMI,Jaipur,Rajasthan
558,100,6/12/2023,Processing,Credit Card,Jaipur,Rajasthan
559,24,1/3/2023,Shipped,Net Banking,Indore,Madhya Pradesh
560,93,5/19/2023,Delivered,Debit Card,Lucknow,Uttar Pradesh
561,23,4/6/2023,Cancelled,Net Banking,Lucknow,Uttar Pradesh
562,143,10/12/2023,Cancelled,Credit Card,Surat,Gujarat
563,7,2/15/2023,Processing,Cash on Delivery,Kolkata,West Bengal
564,24,11/2/2023,Processing,Net Banking,Indore,Madhya Pradesh
565,4,5/30/2023,Cancelled,Net Banking,Mumbai,Maharashtra
566,200,2/13/2023,Delivered,Cash on Delivery,Mumbai,Maharashtra
567,134,3/28/2023,Cancelled,Debit Card,Bhopal,Madhya Pradesh
568,36,5/18/2023,Shipped,UPI,Delhi,Delhi
569,127,3/16/2023,Delivered,Debit Card,Bhopal,Madhya Pradesh
570,112,5/22/2023,Cancelled,UPI,Delhi,Delhi
571,124,2/9/2023,Processing,UPI,Chandigarh,Punjab
572,64,11/17/2023,Returned,Cash on Delivery,Delhi,Delhi
573,158,4/11/2023,Returned,Credit Card,Delhi,Delhi
574,35,6/5/2023,Delivered,Net Banking,Hyderabad,Telangana
575,86,11/14/2023,Cancelled,UPI,Mumbai,Maharashtra
576,113,6/21/2023,Cancelled,EMI,Mumbai,Maharashtra
577,153,3/11/2023,Shipped,UPI,Bhopal,Madhya Pradesh
578,155,12/22/2023,Delivered,Net Banking,Jaipur,Rajasthan
579,81,4/1/2023,Cancelled,UPI,Bangalore,Karnataka
580,75,12/22/2023,Returned,Cash on Delivery,Kolkata,West Bengal
581,63,6/16/2023,Cancelled,UPI,Indore,Madhya Pradesh
582,101,7/6/2023,Delivered,Cash on Delivery,Bangalore,Karnataka
583,52,10/31/2023,Delivered,EMI,Delhi,Delhi
584,197,10/9/2023,Delivered,EMI,Ahmedabad,Gujarat
585,119,12/29/2023,Delivered,Net Banking,Bangalore,Karnataka
586,75,12/21/2023,Delivered,Net Banking,Kolkata,West Bengal
587,173,9/13/2023,Delivered,EMI,Ahmedabad,Gujarat
588,78,5/4/2023,Shipped,EMI,Chandigarh,Punjab
589,40,8/5/2023,Cancelled,Credit Card,Jaipur,Rajasthan
590,115,11/3/2023,Returned,Cash on Delivery,Jaipur,Rajasthan
591,103,10/1/2023,Cancelled,Cash on Delivery,Bangalore,Karnataka
592,10,7/4/2023,Delivered,Credit Card,Bangalore,Karnataka
593,197,5/8/2023,Processing,Debit Card,Ahmedabad,Gujarat
594,166,11/10/2023,Delivered,Cash on Delivery,Hyderabad,Telangana
595,166,12/13/2023,Cancelled,UPI,Hyderabad,Telangana
596,111,2/24/2023,Delivered,Credit Card,Jaipur,Rajasthan
597,67,4/24/2023,Delivered,Net Banking,Bangalore,Karnataka
598,96,7/20/2023,Returned,EMI,Hyderabad,Telangana
599,151,12/20/2023,Delivered,UPI,Chennai,Tamil Nadu
600,7,9/5/2023,Delivered,UPI,Kolkata,West Bengal
601,107,2/13/2023,Delivered,EMI,Chennai,Tamil Nadu
602,37,6/28/2023,Shipped,UPI,Bangalore,Karnataka
603,117,4/16/2023,Returned,UPI,Jaipur,Rajasthan
604,122,2/19/2023,Returned,EMI,Pune,Maharashtra
605,179,8/20/2023,Processing,Credit Card,Bangalore,Karnataka
606,77,1/23/2023,Delivered,Credit Card,Delhi,Delhi
607,88,11/28/2023,Delivered,EMI,Bangalore,Karnataka
608,43,5/5/2023,Delivered,Cash on Delivery,Chennai,Tamil Nadu
609,41,6/19/2023,Cancelled,Net Banking,Surat,Gujarat
610,60,7/27/2023,Delivered,Debit Card,Hyderabad,Telangana
611,164,12/3/2023,Cancelled,Net Banking,Kolkata,West Bengal
612,8,11/11/2023,Delivered,Net Banking,Chennai,Tamil Nadu
613,152,8/8/2023,Cancelled,Credit Card,Chennai,Tamil Nadu
614,181,4/20/2023,Delivered,UPI,Kolkata,West Bengal
615,193,12/27/2023,Delivered,Cash on Delivery,Mumbai,Maharashtra
616,27,10/2/2023,Delivered,UPI,Hyderabad,Telangana
617,84,4/11/2023,Returned,Credit Card,Bangalore,Karnataka
618,68,12/10/2023,Returned,Cash on Delivery,Hyderabad,Telangana
619,164,6/10/2023,Cancelled,Cash on Delivery,Kolkata,West Bengal
620,101,10/28/2023,Delivered,UPI,Bangalore,Karnataka
621,91,8/23/2023,Delivered,EMI,Kolkata,West Bengal
622,181,6/2/2023,Delivered,EMI,Kolkata,West Bengal
623,35,6/10/2023,Delivered,Debit Card,Hyderabad,Telangana
624,79,3/1/2023,Delivered,UPI,Bangalore,Karnataka
625,178,3/14/2023,Cancelled,Net Banking,Nagpur,Maharashtra
626,153,3/12/2023,Cancelled,Net Banking,Bhopal,Madhya Pradesh
627,48,9/7/2023,Delivered,Cash on Delivery,Jaipur,Rajasthan
628,43,9/8/2023,Shipped,Debit Card,Chennai,Tamil Nadu
629,48,6/11/2023,Returned,Cash on Delivery,Jaipur,Rajasthan
630,14,7/3/2023,Delivered,Net Banking,Jaipur,Rajasthan
631,35,4/10/2023,Cancelled,Cash on Delivery,Hyderabad,Telangana
632,130,12/1/2023,Returned,Net Banking,Hyderabad,Telangana
633,176,9/9/2023,Cancelled,EMI,Ahmedabad,Gujarat
634,114,9/8/2023,Delivered,Credit Card,Surat,Gujarat
635,145,1/16/2023,Delivered,UPI,Lucknow,Uttar Pradesh
636,9,5/21/2023,Delivered,Cash on Delivery,Indore,Madhya Pradesh
637,74,3/28/2023,Returned,Cash on Delivery,Hyderabad,Telangana
638,191,9/11/2023,Delivered,Cash on Delivery,Indore,Madhya Pradesh
639,30,5/18/2023,Processing,Cash on Delivery,Hyderabad,Telangana
640,194,1/22/2023,Returned,Cash on Delivery,Surat,Gujarat
641,56,8/6/2023,Delivered,EMI,Chandigarh,Punjab
642,168,5/7/2023,Shipped,Credit Card,Nagpur,Maharashtra
643,116,5/15/2023,Processing,Credit Card,Mumbai,Maharashtra
644,113,3/2/2023,Delivered,Debit Card,Mumbai,Maharashtra
645,189,10/29/2023,Processing,EMI,Ahmedabad,Gujarat
646,157,11/20/2023,Cancelled,Debit Card,Surat,Gujarat
647,158,3/13/2023,Delivered,Debit Card,Delhi,Delhi
648,16,10/19/2023,Processing,Cash on Delivery,Nagpur,Maharashtra
649,72,11/2/2023,Delivered,UPI,Mumbai,Maharashtra
650,181,5/30/2023,Shipped,Cash on Delivery,Kolkata,West Bengal
651,69,9/21/2023,Delivered,Debit Card,Hyderabad,Telangana
652,193,7/30/2023,Delivered,UPI,Mumbai,Maharashtra
653,168,3/6/2023,Delivered,Debit Card,Nagpur,Maharashtra
654,38,12/31/2023,Processing,Debit Card,Lucknow,Uttar Pradesh
655,195,12/13/2023,Cancelled,Net Banking,Bangalore,Karnataka
656,37,10/23/2023,Shipped,EMI,Bangalore,Karnataka
657,107,7/12/2023,Returned,Credit Card,Chennai,Tamil Nadu
658,163,2/17/2023,Cancelled,Cash on Delivery,Indore,Madhya Pradesh
659,192,5/23/2023,Processing,Net Banking,Nagpur,Maharashtra
660,125,6/17/2023,Delivered,EMI,Nagpur,Maharashtra
661,24,8/23/2023,Processing,Credit Card,Indore,Madhya Pradesh
662,137,7/23/2023,Delivered,Net Banking,Bangalore,Karnataka
663,55,9/11/2023,Shipped,UPI,Jaipur,Rajasthan
664,73,6/22/2023,Delivered,Cash on Delivery,Bhopal,Madhya Pradesh
665,125,6/25/2023,Delivered,Credit Card,Nagpur,Maharashtra
666,26,11/17/2023,Returned,Credit Card,Hyderabad,Telangana
667,32,3/22/2023,Returned,Net Banking,Chennai,Tamil Nadu
668,1,8/8/2023,Delivered,EMI,Mumbai,Maharashtra
669,34,11/29/2023,Shipped,Debit Card,Kolkata,West Bengal
670,71,2/17/2023,Processing,UPI,Chandigarh,Punjab
671,22,7/10/2023,Delivered,Credit Card,Surat,Gujarat
672,102,11/17/2023,Shipped,EMI,Nagpur,Maharashtra
673,180,4/30/2023,Cancelled,EMI,Indore,Madhya Pradesh
674,24,12/27/2023,Delivered,Credit Card,Indore,Madhya Pradesh
675,55,9/2/2023,Delivered,Debit Card,Jaipur,Rajasthan
676,152,4/26/2023,Returned,Credit Card,Chennai,Tamil Nadu
677,3,12/23/2023,Processing,Credit Card,Delhi,Delhi
678,109,12/22/2023,Delivered,Net Banking,Chennai,Tamil Nadu
679,19,4/28/2023,Cancelled,Credit Card,Chandigarh,Punjab
680,188,2/22/2023,Delivered,UPI,Ahmedabad,Gujarat
681,95,6/3/2023,Delivered,Net Banking,Hyderabad,Telangana
682,199,3/10/2023,Delivered,Credit Card,Ahmedabad,Gujarat
683,136,10/16/2023,Delivered,Cash on Delivery,Pune,Maharashtra
684,167,3/26/2023,Returned,UPI,Ahmedabad,Gujarat
685,185,4/20/2023,Delivered,Net Banking,Mumbai,Maharashtra
686,158,12/18/2023,Returned,Debit Card,Delhi,Delhi
687,23,2/21/2023,Delivered,Credit Card,Lucknow,Uttar Pradesh
688,151,7/16/2023,Processing,Net Banking,Chennai,Tamil Nadu
689,81,3/13/2023,Delivered,UPI,Bangalore,Karnataka
690,166,2/13/2023,Delivered,Cash on Delivery,Hyderabad,Telangana
691,154,11/4/2023,Shipped,EMI,Ahmedabad,Gujarat
692,7,12/4/2023,Shipped,Debit Card,Kolkata,West Bengal
693,133,11/7/2023,Delivered,EMI,Kolkata,West Bengal
694,101,6/1/2023,Delivered,Debit Card,Bangalore,Karnataka
695,127,7/17/2023,Delivered,Debit Card,Bhopal,Madhya Pradesh
696,128,11/23/2023,Delivered,Cash on Delivery,Chennai,Tamil Nadu
697,4,7/4/2023,Processing,Debit Card,Mumbai,Maharashtra
698,100,10/19/2023,Cancelled,UPI,Jaipur,Rajasthan
699,140,12/16/2023,Delivered,Net Banking,Jaipur,Rajasthan
700,198,2/7/2023,Delivered,Cash on Delivery,Chennai,Tamil Nadu
701,18,1/8/2023,Shipped,Debit Card,Bhopal,Madhya Pradesh
702,11,1/31/2023,Cancelled,Cash on Delivery,Delhi,Delhi
703,74,11/18/2023,Cancelled,Net Banking,Hyderabad,Telangana
704,180,7/25/2023,Delivered,EMI,Indore,Madhya Pradesh
705,138,10/3/2023,Delivered,UPI,Delhi,Delhi
706,22,6/8/2023,Delivered,Cash on Delivery,Surat,Gujarat
707,53,3/21/2023,Processing,Net Banking,Chandigarh,Punjab
708,151,11/21/2023,Delivered,UPI,Chennai,Tamil Nadu
709,179,8/12/2023,Delivered,Credit Card,Bangalore,Karnataka
710,63,2/14/2023,Cancelled,Credit Card,Indore,Madhya Pradesh
711,117,11/10/2023,Delivered,UPI,Jaipur,Rajasthan
712,171,12/3/2023,Delivered,Credit Card,Lucknow,Uttar Pradesh
713,4,12/29/2023,Delivered,EMI,Mumbai,Maharashtra
714,3,3/25/2023,Returned,UPI,Delhi,Delhi
715,134,9/22/2023,Shipped,Debit Card,Bhopal,Madhya Pradesh
716,96,3/6/2023,Shipped,EMI,Hyderabad,Telangana
717,31,1/16/2023,Processing,Net Banking,Nagpur,Maharashtra
718,70,9/26/2023,Delivered,UPI,Pune,Maharashtra
719,183,10/23/2023,Delivered,Net Banking,Kolkata,West Bengal
720,117,9/19/2023,Processing,Credit Card,Jaipur,Rajasthan
721,128,10/18/2023,Delivered,UPI,Chennai,Tamil Nadu
722,41,5/11/2023,Delivered,Cash on Delivery,Surat,Gujarat
723,173,3/1/2023,Delivered,EMI,Ahmedabad,Gujarat
724,131,1/2/2023,Delivered,Credit Card,Pune,Maharashtra
725,63,1/24/2023,Returned,UPI,Indore,Madhya Pradesh
726,99,3/18/2023,Delivered,Credit Card,Lucknow,Uttar Pradesh
727,142,12/2/2023,Cancelled,Debit Card,Mumbai,Maharashtra
728,83,5/8/2023,Cancelled,EMI,Indore,Madhya Pradesh
729,82,5/19/2023,Delivered,Cash on Delivery,Chennai,Tamil Nadu
730,96,3/3/2023,Delivered,Debit Card,Hyderabad,Telangana
731,58,9/22/2023,Delivered,Net Banking,Indore,Madhya Pradesh
732,18,8/27/2023,Shipped,UPI,Bhopal,Madhya Pradesh
733,84,2/14/2023,Returned,Credit Card,Bangalore,Karnataka
734,95,4/13/2023,Shipped,Cash on Delivery,Hyderabad,Telangana
735,78,11/15/2023,Delivered,Net Banking,Chandigarh,Punjab
736,95,10/30/2023,Returned,Debit Card,Hyderabad,Telangana
737,188,10/7/2023,Delivered,Debit Card,Ahmedabad,Gujarat
738,2,7/29/2023,Delivered,Debit Card,Bangalore,Karnataka
739,139,6/27/2023,Delivered,UPI,Indore,Madhya Pradesh
740,1,12/3/2023,Cancelled,EMI,Mumbai,Maharashtra
741,187,6/7/2023,Delivered,Debit Card,Bhopal,Madhya Pradesh
742,136,5/2/2023,Cancelled,Net Banking,Pune,Maharashtra
743,16,3/14/2023,Shipped,Credit Card,Nagpur,Maharashtra
744,12,4/29/2023,Cancelled,EMI,Pune,Maharashtra
745,96,8/23/2023,Delivered,Cash on Delivery,Hyderabad,Telangana
746,25,9/16/2023,Delivered,EMI,Kolkata,West Bengal
747,101,2/8/2023,Delivered,Net Banking,Bangalore,Karnataka
748,170,3/8/2023,Delivered,UPI,Jaipur,Rajasthan
749,67,6/11/2023,Cancelled,EMI,Bangalore,Karnataka
750,189,6/17/2023,Processing,Net Banking,Ahmedabad,Gujarat
751,70,4/30/2023,Delivered,Debit Card,Pune,Maharashtra
752,35,10/27/2023,Delivered,Debit Card,Hyderabad,Telangana
753,28,3/26/2023,Returned,Net Banking,Kolkata,West Bengal
754,81,7/28/2023,Delivered,Cash on Delivery,Bangalore,Karnataka
755,92,4/17/2023,Returned,UPI,Hyderabad,Telangana
756,119,5/16/2023,Delivered,Credit Card,Bangalore,Karnataka
757,41,12/18/2023,Shipped,EMI,Surat,Gujarat
758,179,11/5/2023,Delivered,Debit Card,Bangalore,Karnataka
759,84,3/17/2023,Delivered,EMI,Bangalore,Karnataka
760,64,7/2/2023,Cancelled,Cash on Delivery,Delhi,Delhi
761,13,12/13/2023,Shipped,UPI,Bhopal,Madhya Pradesh
762,45,1/16/2023,Cancelled,Net Banking,Jaipur,Rajasthan
763,143,10/9/2023,Delivered,Credit Card,Surat,Gujarat
764,119,2/22/2023,Delivered,Credit Card,Bangalore,Karnataka
765,4,2/1/2023,Delivered,Debit Card,Mumbai,Maharashtra
766,51,7/25/2023,Processing,EMI,Hyderabad,Telangana
767,162,11/27/2023,Delivered,Cash on Delivery,Nagpur,Maharashtra
768,151,5/13/2023,Delivered,Credit Card,Chennai,Tamil Nadu
769,17,4/12/2023,Returned,Debit Card,Indore,Madhya Pradesh
770,24,6/19/2023,Delivered,Credit Card,Indore,Madhya Pradesh
771,119,1/26/2023,Delivered,Cash on Delivery,Bangalore,Karnataka
772,111,7/22/2023,Returned,Credit Card,Jaipur,Rajasthan
773,98,12/16/2023,Cancelled,Debit Card,Pune,Maharashtra
774,91,4/20/2023,Delivered,UPI,Kolkata,West Bengal
775,72,8/17/2023,Delivered,Credit Card,Mumbai,Maharashtra
776,158,11/14/2023,Delivered,EMI,Delhi,Delhi
777,76,9/13/2023,Cancelled,Cash on Delivery,Hyderabad,Telangana
778,123,2/1/2023,Delivered,UPI,Lucknow,Uttar Pradesh
779,99,3/12/2023,Cancelled,Debit Card,Lucknow,Uttar Pradesh
780,165,9/27/2023,Delivered,EMI,Nagpur,Maharashtra
781,140,1/10/2023,Cancelled,EMI,Jaipur,Rajasthan
782,92,9/3/2023,Returned,UPI,Hyderabad,Telangana
783,145,9/15/2023,Processing,Net Banking,Lucknow,Uttar Pradesh
784,70,4/3/2023,Delivered,UPI,Pune,Maharashtra
785,153,4/23/2023,Delivered,UPI,Bhopal,Madhya Pradesh
786,15,8/30/2023,Processing,Cash on Delivery,Delhi,Delhi
787,60,3/23/2023,Delivered,Debit Card,Hyderabad,Telangana
788,169,5/4/2023,Shipped,Cash on Delivery,Bhopal,Madhya Pradesh
789,189,1/29/2023,Delivered,Cash on Delivery,Ahmedabad,Gujarat
790,100,7/1/2023,Delivered,Debit Card,Jaipur,Rajasthan
791,61,10/31/2023,Processing,EMI,Mumbai,Maharashtra
792,179,7/3/2023,Delivered,EMI,Bangalore,Karnataka
793,180,6/30/2023,Delivered,Cash on Delivery,Indore,Madhya Pradesh
794,49,9/10/2023,Shipped,Debit Card,Lucknow,Uttar Pradesh
795,126,1/20/2023,Delivered,Credit Card,Indore,Madhya Pradesh
796,60,11/5/2023,Delivered,Credit Card,Hyderabad,Telangana
797,135,9/2/2023,Delivered,UPI,Kolkata,West Bengal
798,158,4/14/2023,Delivered,UPI,Delhi,Delhi
799,184,4/1/2023,Processing,Credit Card,Chandigarh,Punjab
800,6,3/17/2023,Delivered,Credit Card,Hyderabad,Telangana
801,135,7/6/2023,Delivered,UPI,Kolkata,West Bengal
802,181,12/6/2023,Cancelled,Cash on Delivery,Kolkata,West Bengal
803,26,6/22/2023,Shipped,UPI,Hyderabad,Telangana
804,35,3/22/2023,Cancelled,EMI,Hyderabad,Telangana
805,125,11/29/2023,Processing,Debit Card,Nagpur,Maharashtra
806,182,10/15/2023,Processing,Debit Card,Kolkata,West Bengal
807,171,10/29/2023,Delivered,Net Banking,Lucknow,Uttar Pradesh
808,79,12/19/2023,Shipped,Debit Card,Bangalore,Karnataka
809,46,1/1/2023,Cancelled,Cash on Delivery,Chandigarh,Punjab
810,9,4/4/2023,Processing,Cash on Delivery,Indore,Madhya Pradesh
811,57,11/24/2023,Delivered,Net Banking,Nagpur,Maharashtra
812,37,6/19/2023,Delivered,Debit Card,Bangalore,Karnataka
813,89,6/13/2023,Delivered,EMI,Chandigarh,Punjab
814,23,12/29/2023,Processing,Net Banking,Lucknow,Uttar Pradesh
815,3,5/16/2023,Delivered,Debit Card,Delhi,Delhi
816,178,2/4/2023,Processing,UPI,Nagpur,Maharashtra
817,28,1/1/2023,Delivered,Net Banking,Kolkata,West Bengal
818,113,8/3/2023,Delivered,Net Banking,Mumbai,Maharashtra
819,127,7/13/2023,Processing,Cash on Delivery,Bhopal,Madhya Pradesh
820,97,2/21/2023,Returned,Cash on Delivery,Surat,Gujarat
821,167,12/18/2023,Delivered,Debit Card,Ahmedabad,Gujarat
822,116,2/7/2023,Delivered,UPI,Mumbai,Maharashtra
823,6,6/13/2023,Shipped,Credit Card,Hyderabad,Telangana
824,19,6/25/2023,Delivered,Net Banking,Chandigarh,Punjab
825,42,2/8/2023,Delivered,UPI,Bhopal,Madhya Pradesh
826,153,11/11/2023,Returned,EMI,Bhopal,Madhya Pradesh
827,8,8/9/2023,Delivered,Cash on Delivery,Chennai,Tamil Nadu
828,112,3/22/2023,Delivered,Credit Card,Delhi,Delhi
829,85,4/16/2023,Delivered,Net Banking,Mumbai,Maharashtra
830,179,10/11/2023,Shipped,EMI,Bangalore,Karnataka
831,73,6/2/2023,Delivered,Credit Card,Bhopal,Madhya Pradesh
832,13,7/21/2023,Returned,Debit Card,Bhopal,Madhya Pradesh
833,14,7/4/2023,Delivered,Net Banking,Jaipur,Rajasthan
834,23,5/31/2023,Returned,Debit Card,Lucknow,Uttar Pradesh
835,25,1/14/2023,Delivered,Debit Card,Kolkata,West Bengal
836,164,5/30/2023,Delivered,Net Banking,Kolkata,West Bengal
837,30,6/7/2023,Cancelled,Net Banking,Hyderabad,Telangana
838,126,12/5/2023,Shipped,Credit Card,Indore,Madhya Pradesh
839,165,10/6/2023,Cancelled,Debit Card,Nagpur,Maharashtra
840,95,7/15/2023,Processing,Debit Card,Hyderabad,Telangana
841,115,1/23/2023,Shipped,Net Banking,Jaipur,Rajasthan
842,120,5/15/2023,Delivered,UPI,Nagpur,Maharashtra
843,145,2/1/2023,Delivered,EMI,Lucknow,Uttar Pradesh
844,171,2/19/2023,Delivered,EMI,Lucknow,Uttar Pradesh
845,89,10/5/2023,Cancelled,Cash on Delivery,Chandigarh,Punjab
846,59,10/11/2023,Delivered,Net Banking,Ahmedabad,Gujarat
847,134,8/3/2023,Returned,Cash on Delivery,Bhopal,Madhya Pradesh
848,61,9/1/2023,Shipped,Credit Card,Mumbai,Maharashtra
849,102,1/18/2023,Delivered,Credit Card,Nagpur,Maharashtra
850,194,8/18/2023,Delivered,Debit Card,Surat,Gujarat
851,55,4/9/2023,Delivered,Credit Card,Jaipur,Rajasthan
852,109,2/10/2023,Cancelled,Debit Card,Chennai,Tamil Nadu
853,161,3/17/2023,Shipped,UPI,Chandigarh,Punjab
854,187,2/4/2023,Delivered,Net Banking,Bhopal,Madhya Pradesh
855,143,7/23/2023,Processing,UPI,Surat,Gujarat
856,134,8/23/2023,Delivered,EMI,Bhopal,Madhya Pradesh
857,160,10/28/2023,Cancelled,Credit Card,Mumbai,Maharashtra
858,107,3/18/2023,Delivered,Cash on Delivery,Chennai,Tamil Nadu
859,151,10/26/2023,Delivered,Credit Card,Chennai,Tamil Nadu
860,145,2/21/2023,Shipped,Cash on Delivery,Lucknow,Uttar Pradesh
861,89,7/30/2023,Shipped,Net Banking,Chandigarh,Punjab
862,168,9/6/2023,Returned,Credit Card,Nagpur,Maharashtra
863,45,5/22/2023,Cancelled,Debit Card,Jaipur,Rajasthan
864,159,11/8/2023,Cancelled,Credit Card,Hyderabad,Telangana
865,102,6/19/2023,Delivered,Credit Card,Nagpur,Maharashtra
866,191,9/1/2023,Shipped,UPI,Indore,Madhya Pradesh
867,6,6/22/2023,Shipped,UPI,Hyderabad,Telangana
868,72,9/9/2023,Delivered,Debit Card,Mumbai,Maharashtra
869,35,6/3/2023,Returned,UPI,Hyderabad,Telangana
870,69,8/2/2023,Delivered,Debit Card,Hyderabad,Telangana
871,114,4/19/2023,Cancelled,EMI,Surat,Gujarat
872,125,9/22/2023,Processing,Credit Card,Nagpur,Maharashtra
873,132,3/23/2023,Delivered,UPI,Hyderabad,Telangana
874,182,9/17/2023,Cancelled,Debit Card,Kolkata,West Bengal
875,200,9/26/2023,Delivered,Debit Card,Mumbai,Maharashtra
876,50,4/13/2023,Delivered,Debit Card,Delhi,Delhi
877,9,8/22/2023,Delivered,UPI,Indore,Madhya Pradesh
878,181,4/12/2023,Shipped,UPI,Kolkata,West Bengal
879,119,9/16/2023,Cancelled,EMI,Bangalore,Karnataka
880,32,12/15/2023,Delivered,Debit Card,Chennai,Tamil Nadu
881,96,9/8/2023,Returned,Debit Card,Hyderabad,Telangana
882,122,10/28/2023,Processing,UPI,Pune,Maharashtra
883,42,5/13/2023,Delivered,UPI,Bhopal,Madhya Pradesh
884,8,7/17/2023,Delivered,Debit Card,Chennai,Tamil Nadu
885,147,4/20/2023,Delivered,EMI,Surat,Gujarat
886,58,12/13/2023,Delivered,UPI,Indore,Madhya Pradesh
887,167,7/29/2023,Delivered,EMI,Ahmedabad,Gujarat
888,3,8/31/2023,Delivered,EMI,Delhi,Delhi
889,45,11/4/2023,Delivered,Debit Card,Jaipur,Rajasthan
890,65,11/8/2023,Shipped,EMI,Delhi,Delhi
891,182,11/26/2023,Shipped,Net Banking,Kolkata,West Bengal
892,97,6/28/2023,Returned,UPI,Surat,Gujarat
893,56,8/27/2023,Shipped,EMI,Chandigarh,Punjab
894,134,11/16/2023,Cancelled,Cash on Delivery,Bhopal,Madhya Pradesh
895,27,1/4/2023,Processing,Cash on Delivery,Hyderabad,Telangana
896,166,11/1/2023,Shipped,UPI,Hyderabad,Telangana
897,176,2/25/2023,Returned,Credit Card,Ahmedabad,Gujarat
898,87,5/22/2023,Processing,UPI,Lucknow,Uttar Pradesh
899,67,12/2/2023,Shipped,Debit Card,Bangalore,Karnataka
900,39,9/22/2023,Delivered,Credit Card,Lucknow,Uttar Pradesh
901,154,7/26/2023,Processing,EMI,Ahmedabad,Gujarat
902,36,1/14/2023,Returned,UPI,Delhi,Delhi
903,67,8/3/2023,Cancelled,Net Banking,Bangalore,Karnataka
904,189,1/19/2023,Delivered,UPI,Ahmedabad,Gujarat
905,186,4/24/2023,Returned,EMI,Chandigarh,Punjab
906,92,9/17/2023,Shipped,Debit Card,Hyderabad,Telangana
907,169,10/13/2023,Delivered,UPI,Bhopal,Madhya Pradesh
908,25,8/30/2023,Delivered,EMI,Kolkata,West Bengal
909,67,10/14/2023,Delivered,EMI,Bangalore,Karnataka
910,86,12/2/2023,Delivered,Debit Card,Mumbai,Maharashtra
911,91,4/25/2023,Shipped,Net Banking,Kolkata,West Bengal
912,85,7/10/2023,Shipped,Cash on Delivery,Mumbai,Maharashtra
913,76,8/26/2023,Delivered,Net Banking,Hyderabad,Telangana
914,14,11/21/2023,Delivered,Net Banking,Jaipur,Rajasthan
915,50,9/14/2023,Delivered,EMI,Delhi,Delhi
916,98,9/29/2023,Shipped,Net Banking,Pune,Maharashtra
917,14,3/19/2023,Delivered,Debit Card,Jaipur,Rajasthan
918,88,7/29/2023,Returned,Debit Card,Bangalore,Karnataka
919,81,4/3/2023,Delivered,Net Banking,Bangalore,Karnataka
920,86,11/20/2023,Delivered,UPI,Mumbai,Maharashtra
921,163,1/30/2023,Delivered,Net Banking,Indore,Madhya Pradesh
922,71,4/18/2023,Delivered,Cash on Delivery,Chandigarh,Punjab
923,196,3/23/2023,Returned,Credit Card,Chennai,Tamil Nadu
924,34,11/11/2023,Cancelled,EMI,Kolkata,West Bengal
925,110,7/26/2023,Cancelled,Net Banking,Hyderabad,Telangana
926,99,1/3/2023,Delivered,Cash on Delivery,Lucknow,Uttar Pradesh
927,52,7/11/2023,Delivered,UPI,Delhi,Delhi
928,194,9/29/2023,Delivered,Credit Card,Surat,Gujarat
929,174,1/3/2023,Delivered,Debit Card,Chandigarh,Punjab
930,178,6/26/2023,Shipped,Debit Card,Nagpur,Maharashtra
931,27,7/16/2023,Shipped,Debit Card,Hyderabad,Telangana
932,17,1/24/2023,Shipped,UPI,Indore,Madhya Pradesh
933,117,9/24/2023,Processing,Net Banking,Jaipur,Rajasthan
934,176,3/10/2023,Processing,Net Banking,Ahmedabad,Gujarat
935,92,4/7/2023,Delivered,Net Banking,Hyderabad,Telangana
936,5,4/27/2023,Delivered,EMI,Jaipur,Rajasthan
937,34,4/19/2023,Delivered,Cash on Delivery,Kolkata,West Bengal
938,130,3/28/2023,Delivered,UPI,Hyderabad,Telangana
939,183,11/30/2023,Delivered,Net Banking,Kolkata,West Bengal
940,164,5/11/2023,Delivered,Cash on Delivery,Kolkata,West Bengal
941,13,12/5/2023,Delivered,EMI,Bhopal,Madhya Pradesh
942,6,1/25/2023,Delivered,Net Banking,Hyderabad,Telangana
943,114,7/14/2023,Delivered,Cash on Delivery,Surat,Gujarat
944,65,8/31/2023,Delivered,Debit Card,Delhi,Delhi
945,178,12/18/2023,Delivered,UPI,Nagpur,Maharashtra
946,108,12/5/2023,Delivered,EMI,Indore,Madhya Pradesh
947,134,5/19/2023,Delivered,Net Banking,Bhopal,Madhya Pradesh
948,27,9/19/2023,Delivered,UPI,Hyderabad,Telangana
949,30,2/24/2023,Returned,Debit Card,Hyderabad,Telangana
950,156,4/13/2023,Shipped,Cash on Delivery,Surat,Gujarat
951,52,7/3/2023,Cancelled,UPI,Delhi,Delhi
952,42,1/21/2023,Returned,Debit Card,Bhopal,Madhya Pradesh
953,177,9/4/2023,Processing,Debit Card,Hyderabad,Telangana
954,1,1/7/2023,Delivered,Credit Card,Mumbai,Maharashtra
955,147,12/9/2023,Returned,Debit Card,Surat,Gujarat
956,24,9/19/2023,Delivered,EMI,Indore,Madhya Pradesh
957,186,2/21/2023,Shipped,EMI,Chandigarh,Punjab
958,60,8/22/2023,Shipped,UPI,Hyderabad,Telangana
959,119,1/26/2023,Delivered,Debit Card,Bangalore,Karnataka
960,11,5/29/2023,Processing,EMI,Delhi,Delhi
961,81,8/7/2023,Delivered,Credit Card,Bangalore,Karnataka
962,195,1/24/2023,Delivered,Debit Card,Bangalore,Karnataka
963,170,11/28/2023,Delivered,UPI,Jaipur,Rajasthan
964,92,8/13/2023,Shipped,EMI,Hyderabad,Telangana
965,24,7/10/2023,Processing,Debit Card,Indore,Madhya Pradesh
966,30,7/25/2023,Cancelled,Net Banking,Hyderabad,Telangana
967,70,7/17/2023,Returned,Net Banking,Pune,Maharashtra
968,167,3/27/2023,Delivered,Debit Card,Ahmedabad,Gujarat
969,179,1/31/2023,Delivered,Credit Card,Bangalore,Karnataka
970,107,10/30/2023,Returned,Cash on Delivery,Chennai,Tamil Nadu
971,174,8/13/2023,Delivered,Cash on Delivery,Chandigarh,Punjab
972,98,7/3/2023,Delivered,EMI,Pune,Maharashtra
973,187,3/8/2023,Returned,Net Banking,Bhopal,Madhya Pradesh
974,29,7/30/2023,Returned,Credit Card,Nagpur,Maharashtra
975,17,5/14/2023,Processing,Credit Card,Indore,Madhya Pradesh
976,181,12/14/2023,Delivered,EMI,Kolkata,West Bengal
977,87,9/23/2023,Delivered,Net Banking,Lucknow,Uttar Pradesh
978,170,5/8/2023,Returned,UPI,Jaipur,Rajasthan
979,170,12/13/2023,Cancelled,Debit Card,Jaipur,Rajasthan
980,143,11/10/2023,Delivered,Credit Card,Surat,Gujarat
981,165,3/22/2023,Returned,Net Banking,Nagpur,Maharashtra
982,43,2/8/2023,Returned,UPI,Chennai,Tamil Nadu
983,62,6/19/2023,Shipped,Credit Card,Lucknow,Uttar Pradesh
984,130,4/25/2023,Cancelled,Net Banking,Hyderabad,Telangana
985,61,2/10/2023,Returned,Net Banking,Mumbai,Maharashtra
986,147,8/18/2023,Delivered,Net Banking,Surat,Gujarat
987,115,6/11/2023,Delivered,Net Banking,Jaipur,Rajasthan
988,191,12/1/2023,Delivered,Credit Card,Indore,Madhya Pradesh
989,104,7/31/2023,Delivered,Cash on Delivery,Indore,Madhya Pradesh
990,141,1/1/2023,Delivered,Cash on Delivery,Hyderabad,Telangana
991,159,11/23/2023,Shipped,Cash on Delivery,Hyderabad,Telangana
992,144,4/16/2023,Returned,UPI,Kolkata,West Bengal
993,94,1/28/2023,Delivered,Net Banking,Lucknow,Uttar Pradesh
994,85,10/14/2023,Returned,EMI,Mumbai,Maharashtra
995,169,7/6/2023,Returned,Credit Card,Bhopal,Madhya Pradesh
996,25,12/4/2023,Delivered,Credit Card,Kolkata,West Bengal
997,88,7/1/2023,Shipped,Cash on Delivery,Bangalore,Karnataka
998,134,7/11/2023,Delivered,Credit Card,Bhopal,Madhya Pradesh
999,43,9/10/2023,Delivered,EMI,Chennai,Tamil Nadu
1000,191,7/29/2023,Delivered,UPI,Indore,Madhya Pradesh
